id,title,city,region,neighbourhood,school_district,address,lat,lon,status,ownership_model,bedrooms_min,bedrooms_max,home_types,features,summary,featured_image,website,read_more_url
aaron-webster-housing-co-operative,Aaron Webster Housing Co-operative,Vancouver,Lower Mainland/Fraser Valley,Mount Pleasant,SD 39,"95 East 1st Avenue, Vancouver, BC V6A 0H6",49.270373787,-123.102788329,open_waitlist,non_profit,0.0,3.0,apartment,accessible;pets_ok,Aaron Webster Co-op has moved to a new building. Our old site at 1885 East Pender will be redeveloped to provide more modern and flexible homes. We now operate…,https://www.chf.bc.ca/wp-content/uploads/2026/06/website.1.AaronWebster_2018-03-09-1024x438.jpg,https://cltrust.ca/property/webster/,https://www.chf.bc.ca/co-ops/aaron-webster-housing-co-operative/
access-housing-co-operative,Access Housing Co-operative,Vancouver,Lower Mainland/Fraser Valley,Hastings-Sunrise,,"2838 E 7th Ave, Vancouver, BC V5M 1T9",49.26540171,-123.04557776,closed,non_profit,0.0,4.0,apartment;townhome,accessible,This friendly community with beautiful gardens and safe play areas is located in East Vancouver. Proudly to have wheelchair accessible units and grounds. Active…,https://www.chf.bc.ca/wp-content/uploads/2026/06/website.1.Access-5th-2018-05c-1024x438.jpg,https://www.accesscoop.ca/,https://www.chf.bc.ca/co-ops/access-housing-co-operative/
adanac-village-housing-co-operative-society,Adanac Village Housing Co-operative Society,Vancouver,Lower Mainland/Fraser Valley,Hastings-Sunrise,,"3550 Adanac St, Vancouver, BC V5K 4Y5",49.2763955,-123.02811463,closed,non_profit,1.0,4.0,townhome,,Located near Adanac Park in east Vancouver. One of the larger housing co-ops in the city.,https://www.chf.bc.ca/wp-content/uploads/2026/06/website.Adanac.2021-12-17.jpg,https://adanacco-op.com/home/,https://www.chf.bc.ca/co-ops/adanac-village-housing-co-operative-society/
alberni-family-housing-co-operative,Alberni Family Housing Co-operative,Vancouver,Lower Mainland/Fraser Valley,Renfrew-Collingwood,,"5250 Rupert Street, Vancouver, BC V5R 2J9",49.2365991,-123.04097739,open_waitlist,non_profit,1.0,3.0,townhome,,"Participation mandatory. Close to Skytrain, shopping, schools. (Five of the two-bedroom units are one-level suites.)",https://www.chf.bc.ca/wp-content/uploads/2026/06/website.1.Alberni_Family_PXL_20250409_231129505-1024x438.jpg,,https://www.chf.bc.ca/co-ops/alberni-family-housing-co-operative/
alder-bay-housing-co-operative,Alder Bay Housing Co-operative,Vancouver,Lower Mainland/Fraser Valley,Fairview,SD 39,"1201 Alder Bay Walk, Vancouver, BC V6H 3T6",49.26771357,-123.1340075,closed,non_profit,1.0,3.0,townhome,,"Alder Bay Co-op is situated in southwest False Creek, offering a desirable urban setting just minutes from Granville Island. The community features 95 co-op tow…",https://www.chf.bc.ca/wp-content/uploads/2026/06/website.1.Alder_Bay-1024x438.jpg,http://www.public.alderbayhousing.ca/,https://www.chf.bc.ca/co-ops/alder-bay-housing-co-operative/
alexander-laidlaw-housing-co-operative,Alexander Laidlaw Housing Co-operative,Vancouver,Lower Mainland/Fraser Valley,Killarney,,"3630 Skana Dr, Vancouver, BC V5S 4H6",49.20868184,-123.02555612,closed,non_profit,1.0,4.0,townhome,,"Alexander Laidlaw housing co-operative consist of a diverse group of people working together to enjoy long-term, affordable housing. Each member has a responsib…",,,https://www.chf.bc.ca/co-ops/alexander-laidlaw-housing-co-operative/
alexander-street-co-operative,Alexander Street Co-operative,Vancouver,Lower Mainland/Fraser Valley,Strathcona,,"638 Alexander St, Vancouver, BC V6A 3X9",49.28366031,-123.09046001,open_waitlist,non_profit,0.0,2.0,other,,"We are located in Railtown, an interesting and diverse neighbourhood between Heatley & Princess one block north of Powell. Member participation is expected in o…",https://www.chf.bc.ca/wp-content/uploads/2026/06/website.1.Alexander_Street-1024x438.jpg,https://alexanderstreetcoop.ca,https://www.chf.bc.ca/co-ops/alexander-street-co-operative/
amicae-housing-cooperative,Amicae Housing Cooperative,Vancouver,Lower Mainland/Fraser Valley,West End,SD 39,"#800 - 1047 Barclay St, Vancouver, BC V6E 4H2",49.28281842,-123.12576234,open_waitlist,non_profit,1.0,3.0,apartment,accessible,"Seven-storey apartment building with underground parking. About a dozen units are accessible. Amenity spaces include a common room, a rooftop deck and a basketb…",https://www.chf.bc.ca/wp-content/uploads/2026/06/website.1.Amicae-1024x438.jpg,https://amicae.coop/,https://www.chf.bc.ca/co-ops/amicae-housing-cooperative/
anita-lewis-housing-co-operative,Anita Lewis Housing Co-operative,Vancouver,Lower Mainland/Fraser Valley,Renfrew-Collingwood,,"#110 - 5003 Boundary Rd, Vancouver, BC V5R 2P3",49.23928138,-123.02403574,closed,non_profit,1.0,3.0,apartment,accessible,We are a 23-unit co-op built under the Homes BC program and partly funded by the provincial government. Anita Lewis Housing Co-operative was completed in Novemb…,,,https://www.chf.bc.ca/co-ops/anita-lewis-housing-co-operative/
arbutus-housing-cooperative,Arbutus Housing Cooperative,Vancouver,Lower Mainland/Fraser Valley,Kitsilano,SD 39,"2260 W 10th Ave., Vancouver, BC V6K 2H8",49.26266151,-123.15668311,open_waitlist,non_profit,1.0,4.0,other,,Participation mandatory.,https://www.chf.bc.ca/wp-content/uploads/2026/06/website.1.Arbutus-1024x438.jpg,http://www.arbutushousingco-op.com/,https://www.chf.bc.ca/co-ops/arbutus-housing-cooperative/
arlington-grove-housing-co-operative,Arlington Grove Housing Co-operative,Vancouver,Lower Mainland/Fraser Valley,Killarney,,"3433 Burkholder Dr, Vancouver, BC V5S 4M9",49.21961153,-123.0314457,closed,non_profit,1.0,3.0,other,accessible;pets_ok,Housing charges for one-bedroom units include heat.,,http://www.arlingtongrovehousingco-op.org/,https://www.chf.bc.ca/co-ops/arlington-grove-housing-co-operative/
ashley-mar-housing-co-operative,Ashley Mar Housing Co-operative,Vancouver,Lower Mainland/Fraser Valley,Marpole,,"8460 Ash Street, Vancouver, BC V6P 0M6",49.20854521,-123.11773843,closed,non_profit,,,townhome,,Ashley Mar is conveniently located by shopping and a Skytrain station in South Vancouver. It is one of the the first co-ops in BC to undertake a significant red…,,https://ashleymarcoop.com/,https://www.chf.bc.ca/co-ops/ashley-mar-housing-co-operative/
broadview-housing-co-operative,Broadview Housing Co-operative,Vancouver,Lower Mainland/Fraser Valley,Kitsilano,,"2525 Waterloo Street, Vancouver, BC V6R 3H6",49.2640035,-123.18021442,closed,non_profit,1.0,3.0,apartment,accessible;pets_ok,"If interested in becoming a member of Broadview, visit our website for more information: https://broadviewhousing.ca",https://www.chf.bc.ca/wp-content/uploads/2026/06/website.1.Broadview-2018-05-26-1024x438.jpg,http://www.broadviewhousing.ca,https://www.chf.bc.ca/co-ops/broadview-housing-co-operative/
burlington-heights-housing-co-operative,Burlington Heights Housing Co-operative,Vancouver,Lower Mainland/Fraser Valley,Kensington-Cedar Cottage,SD 39,"1865 East 10th Avenue, Vancouver, BC V5N 1X8",49.26161645,-123.06687208,closed,non_profit,1.0,4.0,apartment,accessible;pets_ok,"Participation a must. No dogs. Near shops, and schools. Close to Broadway Skytrain. Some wheelchair accessible units available.",https://www.chf.bc.ca/wp-content/uploads/2026/06/website.1.Burlington_Heights-1024x438.jpg,,https://www.chf.bc.ca/co-ops/burlington-heights-housing-co-operative/
cedar-mill-housing-co-operative,Cedar Mill Housing Co-operative,Vancouver,Lower Mainland/Fraser Valley,Killarney,,"3192 Three Cedars Drive, Vancouver, BC V5S 4K5",49.21293165,-123.03115912,open_waitlist,non_profit,1.0,4.0,apartment;townhome,,"Located in the heart of Champlain Heights, our location offers residents the best of both worlds, a park-like setting within walking distance to many urban amen…",,https://www.cedarmillco-op.org/,https://www.chf.bc.ca/co-ops/cedar-mill-housing-co-operative/
charles-square-housing-co-operative,Charles Square Housing Co-operative,Vancouver,Lower Mainland/Fraser Valley,Grandview-Woodland,,"1555 Charles Street, Vancouver, BC V5L 2T2",49.27333302,-123.07198632,closed,non_profit,1.0,3.0,apartment,pets_ok,"Charles Square Housing Co-op is a welcoming 36-unit non-profit housing community built on participation, mutual respect, and shared responsibility among members…",https://www.chf.bc.ca/wp-content/uploads/2026/06/website.Charles_Square-1024x438.jpg,https://charlessquarecoop.wordpress.com/,https://www.chf.bc.ca/co-ops/charles-square-housing-co-operative/
charleston-terrace-housing-co-operative,Charleston Terrace Housing Co-operative,Vancouver,Lower Mainland/Fraser Valley,Fairview,SD 39,"960 West 6th Avenue, Vancouver, BC V5Z 4J3",49.26572477,-123.12571992,closed,non_profit,1.0,4.0,other,pets_ok,"The co-op has 60 units. Hot water is included, but heat and cable are not. Hydro costs are extra. Participation and chores are mandatory. Pets are permitted acc…",https://www.chf.bc.ca/wp-content/uploads/2026/06/website.1.Charleston_Terrace-1024x438.jpg,,https://www.chf.bc.ca/co-ops/charleston-terrace-housing-co-operative/
china-creek-housing-co-operative,China Creek Housing Co-operative,Vancouver,Lower Mainland/Fraser Valley,Mount Pleasant,SD 39,"1230 E 8th Ave, Vancouver, BC V5T 1V2",49.26307424,-123.07922139,closed,non_profit,1.0,4.0,apartment;townhome,pets_ok,"China Creek Co-op is one of the most ethnically diverse co-op memberships in the city, known for friendly neighbours, a beautiful community garden, a child-frie…",https://www.chf.bc.ca/wp-content/uploads/2026/06/website.1.China_Creek-1024x438.jpg,http://chinacreekcoop.ca/,https://www.chf.bc.ca/co-ops/china-creek-housing-co-operative/
city-edge-housing-co-operative,City Edge Housing Co-operative,Vancouver,Lower Mainland/Fraser Valley,Killarney,SD 39,"3608-3628 SE Marine Dr, Vancouver, BC V5S 4R7",49.20740913,-123.02479866,closed,non_profit,2.0,3.0,townhome,pets_ok,"Participation required. Quiet family-oriented city living. Walking distance to shopping, community centre, schools and parks. Safe play areas for children. Pets…",,,https://www.chf.bc.ca/co-ops/city-edge-housing-co-operative/
city-gate-housing-co-operative,City Gate Housing Co-operative,Vancouver,Lower Mainland/Fraser Valley,Downtown,,"188 Milross Avenue, Vancouver, BC V6A 4J4",49.27563582,-123.10039806,open_waitlist,non_profit,1.0,4.0,apartment,,Family-oriented co-op centrally located near sky train. (Housing charges include heat and hot water).,https://www.chf.bc.ca/wp-content/uploads/2026/06/website.1.City_Gate-1024x438.jpg,http://www.citygatehousing.ca/,https://www.chf.bc.ca/co-ops/city-gate-housing-co-operative/
coal-harbour-housing-co-operative,Coal Harbour Housing Co-operative,Vancouver,Lower Mainland/Fraser Valley,Downtown,,"588 Cardero Street, Vancouver, BC V6G 2W6",49.29092964,-123.12895356,closed,non_profit,1.0,4.0,other,,"Coal Harbour is a co-op for families, elderly and handicapped persons located in the beautiful downtown Coal Harbour area. We are comprised of two apartment bui…",https://www.chf.bc.ca/wp-content/uploads/2026/06/website.1.Coal_Harbour-1024x438.jpg,https://coalharbourhousingcoop.com/,https://www.chf.bc.ca/co-ops/coal-harbour-housing-co-operative/
collingwood-village-housing-co-operative,Collingwood Village Housing Co-operative,Vancouver,Lower Mainland/Fraser Valley,Renfrew-Collingwood,,"5398 Tyne St, Vancouver, BC V5R 6H1",49.23530774,-123.02973841,closed,non_profit,1.0,4.0,apartment,pets_ok,"Collingwood Village is within walking distance of Melbourne Park and Joyce Skytrain station. It offers easy access to transportation, shopping, and schools. The…",https://www.chf.bc.ca/wp-content/uploads/2026/06/website.1.Collingwood-1024x486.jpg,,https://www.chf.bc.ca/co-ops/collingwood-village-housing-co-operative/
community-alternatives-housing-co-operative,Community Alternatives Housing Co-operative,Vancouver,Lower Mainland/Fraser Valley,Kitsilano,,"1937 W 2nd Avenue, Vancouver, BC V6J 1J2",49.27007463,-123.14884018,open_waitlist,non_profit,,,apartment,,All apartments are shared. We are a rural/urban intentional community set up to create a communal living situation in a metropolitan environment. An ability to…,https://www.chf.bc.ca/wp-content/uploads/2026/06/website.Community_Alternatives-2017-1024x438.jpg,https://www.communityalternativescoop.org/,https://www.chf.bc.ca/co-ops/community-alternatives-housing-co-operative/
connaught-housing-co-operative,Connaught Housing Co-operative,Vancouver,Lower Mainland/Fraser Valley,Fairview,SD 39,"527 Commodore Road, Vancouver, BC V5Z 4G5",49.26801477,-123.11596251,closed,non_profit,1.0,2.0,apartment,pets_ok,"Connaught Housing Co-op is a four-storey, 79 unit building which is surrounded by well-maintained green spaces in the historic False Creek South neighbourhood.…",https://www.chf.bc.ca/wp-content/uploads/2026/06/website.1_Connaught-1024x438.jpg,,https://www.chf.bc.ca/co-ops/connaught-housing-co-operative/
cooperative-dhabitation-demers,Coopérative d’habitation Demers,Vancouver,Lower Mainland/Fraser Valley,South Cambie,,"3196 Heather Street, Vancouver, BC V5Z 3K3",49.25726946,-123.11963072,open_waitlist,non_profit,1.0,3.0,apartment,pets_ok,"Includes hot water heating, cable and internet. No Dogs. Good location near Canada Line. Common bond, Francophone. We were created under the federal Section 95…",https://www.chf.bc.ca/wp-content/uploads/2026/06/website.1.Demers-1024x438.jpg,,https://www.chf.bc.ca/co-ops/cooperative-dhabitation-demers/
core-artists-live-work-cooperative,Core Artists Live-Work Cooperative,Vancouver,Lower Mainland/Fraser Valley,Strathcona,,"275 Alexander Street, Vancouver, BC V6A 1C2",49.28409,-123.09832,closed,non_profit,0.0,0.0,apartment,,Unique co-op on Alexander Street.,,,https://www.chf.bc.ca/co-ops/core-artists-live-work-cooperative/
creekview-housing-co-operative,Creekview Housing Co-operative,Vancouver,Lower Mainland/Fraser Valley,Fairview,,"1483 Lamey's Mill Road, Vancouver, BC V6H 3Y7",49.26932061,-123.1370449,closed,non_profit,1.0,3.0,apartment,,Please see the co-op's website for complete information. We have no subsidy available.,https://www.chf.bc.ca/wp-content/uploads/2026/06/website.1.Creekview-2014-1024x438.jpg,http://creekviewhousingco-op.com/,https://www.chf.bc.ca/co-ops/creekview-housing-co-operative/
crossroads-housing-co-operative-bc,Crossroads Housing Co-operative [BC],Vancouver,Lower Mainland/Fraser Valley,South Vancouver,,"404 East 43rd Avenue, Vancouver, BC V5W 1T4",49.23083693,-123.09676819,open_waitlist,non_profit,1.0,4.0,other,rgi,,https://www.chf.bc.ca/wp-content/uploads/2026/06/website.1.Crossroads-2018-05-07-1024x439.jpg,https://crossroadsco-op.ca,https://www.chf.bc.ca/co-ops/crossroads-housing-co-operative-bc/
david-wetherow-housing-co-operative,David Wetherow Housing Co-operative,Vancouver,Lower Mainland/Fraser Valley,Marpole,,"1529 West 71st Avenue, Vancouver, BC V6P 3B9",49.20734942,-123.14167259,open_waitlist,non_profit,1.0,4.0,apartment,accessible;pets_ok,"A place where you can call home. 40 friendly units. Some wheel chair accessible units. Participation is mandatory. *Please note, housing charges increase annual…",https://www.chf.bc.ca/wp-content/uploads/2026/06/website.1.David_Wetherow_2018-05-26b-1024x438.jpg,,https://www.chf.bc.ca/co-ops/david-wetherow-housing-co-operative/
decosmos-village-housing-co-operative-2,DeCosmos Village Housing Co-operative,Vancouver,Lower Mainland/Fraser Valley,Killarney,,"6678 Cheam Place, Vancouver, BC V5S 1N1",49.2228022,-123.02554929,closed,non_profit,2.0,4.0,townhome,,"DeCosmos Village is a housing co-operative located on the northwest corner of Boundary Road and 49th Avenue in Vancouver. Built in 1972, it consists of 110 town…",https://www.chf.bc.ca/wp-content/uploads/2026/06/website.1.De_Cosmos-2017-05-15-1024x439.jpg,,https://www.chf.bc.ca/co-ops/decosmos-village-housing-co-operative-2/
domego-housing-co-operative,Domego Housing Co-operative,Vancouver,Lower Mainland/Fraser Valley,Fairview,SD 39,"100-2950 Heather Street, Vancouver, BC V5Z 3J8",49.25905197,-123.11952103,closed,non_profit,1.0,3.0,apartment;townhome,pets_ok,"Located near Vancouver General Hospital. We are a friendly, well-managed co-op in a low-rise building about 35 years old. Participation required. The majority o…",https://www.chf.bc.ca/wp-content/uploads/2026/06/website.1.Domego-2017-06-11-1024x438.jpg,,https://www.chf.bc.ca/co-ops/domego-housing-co-operative/
dunbar-village-community-co-operative,Dunbar Village Community Co-operative,Vancouver,Lower Mainland/Fraser Valley,West Point Grey,,"3880-3896 Point Grey Road, Vancouver, BC V6R 1B4",49.27103,-123.19175,closed,non_profit,1.0,3.0,townhome,,"Located across the street from Jericho Beach. The co-op offers one-, two- and three-bedroom units.",https://www.chf.bc.ca/wp-content/uploads/2026/06/website.1.Dunbar_Village-2018-05-26a-1024x438.jpg,,https://www.chf.bc.ca/co-ops/dunbar-village-community-co-operative/
dundee-court-housing-co-operative,Dundee Court Housing Co-operative,Vancouver,Lower Mainland/Fraser Valley,Renfrew-Collingwood,,"5380 Dundee Street, Vancouver, BC V5R 5Y6",49.23580848,-123.04678992,closed,non_profit,1.0,4.0,townhome,pets_ok,"Participation required and monitored. Washer/dryer hookups. Cats & dogs allowed as per pet policy. For households paying housing charges geared to incomes, our…",https://www.chf.bc.ca/wp-content/uploads/2026/06/website.1.Dundee_Court_PXL_20250409_230556179-1024x439.jpg,,https://www.chf.bc.ca/co-ops/dundee-court-housing-co-operative/
eburne-landing-housing-co-operative,Eburne Landing Housing Co-operative,Vancouver,Lower Mainland/Fraser Valley,Marpole,SD 39,"101-8828 Hudson Street, Vancouver, BC V6P 4N2",49.20534612,-123.13433186,open_waitlist,non_profit,1.0,3.0,other,pets_ok,"Housing charge includes: heat, hot water & electricity. Pets upon approval. Participation is mandatory. No subsidy available.",,http://www.vcn.bc.ca/eburne/,https://www.chf.bc.ca/co-ops/eburne-landing-housing-co-operative/
eight-oaks-housing-co-operative,Eight Oaks Housing Co-operative,Vancouver,Lower Mainland/Fraser Valley,South Cambie,,"3637 Cambie Street, Vancouver, BC V5Z 2X3",49.25295523,-123.11584604,closed,non_profit,0.0,3.0,apartment,rgi;pets_ok,"Eight Oaks is a 42-unit, family-oriented co-op located in a park-like environment in the heart of the city. We welcome people who are committed to participating…",https://www.chf.bc.ca/wp-content/uploads/2026/06/website.1.Eight_Oaks-1024x438.jpg,http://eightoakscoop.com/,https://www.chf.bc.ca/co-ops/eight-oaks-housing-co-operative/
emma-g-housing-co-operative,Emma G Housing Co-operative,Vancouver,Lower Mainland/Fraser Valley,Mount Pleasant,,"2250 Fraser Street, Vancouver, BC V5T 3T8",49.26456896,-123.08876201,closed,non_profit,1.0,3.0,apartment,accessible;pets_ok,Emma G Housing Co-operative is located in the beautiful Mount Pleasant neighbourhood with easy access to the SkyTrain stations. It is a 17-unit co-operative tha…,https://www.chf.bc.ca/wp-content/uploads/2026/06/website.1.Emma_G_2025-04-17a-1024x439.jpg,http://emmagcoop.weebly.com/,https://www.chf.bc.ca/co-ops/emma-g-housing-co-operative/
false-creek-co-operative-housing-association,False Creek Co-operative Housing Association,Vancouver,Lower Mainland/Fraser Valley,Fairview,,"711 Millyard, Vancouver, BC V5Z 3Z9",49.26694875,-123.12174954,closed,non_profit,1.0,4.0,other,pets_ok,"The co-op is located in South False Creek. For more information, please visit the co-op website by clicking the button below.",https://www.chf.bc.ca/wp-content/uploads/2026/06/website.1.False_Creek-2017-06-c-1024x438.jpg,https://www.fccha.org/,https://www.chf.bc.ca/co-ops/false-creek-co-operative-housing-association/
first-avenue-athletes-village-housing-co-operative,First Avenue Athletes Village Housing Co-operative,Vancouver,Lower Mainland/Fraser Valley,Mount Pleasant,,"151 West 1st Avenue, Vancouver, BC V5Y 0A6",49.27064319,-123.10861889,closed,non_profit,1.0,3.0,apartment,pets_ok,"Located in the former Olympic Village, the co-op is part of a vibrant community designed to be sustainable with features like green roofs, individual energy mon…",https://www.chf.bc.ca/wp-content/uploads/2026/06/website.1.First_Avenue_Athletes_Village-2017-06-07-1024x438.jpg,https://www.athletesvillagecoop.com,https://www.chf.bc.ca/co-ops/first-avenue-athletes-village-housing-co-operative/
four-sisters-housing-co-operative,Four Sisters Housing Co-operative,Vancouver,Lower Mainland/Fraser Valley,Downtown,,"153 Powell Street, Vancouver, BC V6A 3Z1",49.28342665,-123.10094244,open_waitlist,non_profit,0.0,3.0,apartment,accessible;pets_ok,We are a family-oriented housing co-op with over 200 mixed-income members located in the Downtown Eastside of Vancouver. Our co-op has been operating since 1987…,https://www.chf.bc.ca/wp-content/uploads/2026/06/website.FourSisters-2023-01-10-1024x447.jpg,http://foursisters.ca/,https://www.chf.bc.ca/co-ops/four-sisters-housing-co-operative/
fraserview-housing-co-operative,Fraserview Housing Co-operative,Vancouver,Lower Mainland/Fraser Valley,Killarney,,"2922 East Kent Avenue South, Vancouver, BC V5S 4P7",49.206317,-123.047712,open_waitlist,non_profit,2.0,3.0,apartment;townhome,pets_ok,Fraserview is a housing co-operative located by the River District. Its Riverfront location includes 36 townhomes and a 54-home low-rise apartment building. Man…,https://www.chf.bc.ca/wp-content/uploads/2026/06/website.1.Fraserview-spring-2019-1024x439.jpg,https://fraserviewhousingcoop.ca/,https://www.chf.bc.ca/co-ops/fraserview-housing-co-operative/
fraserview-towers-housing-co-operative,Fraserview Towers Housing Co-operative,Vancouver,Lower Mainland/Fraser Valley,Killarney,,"2855 East Kent Avenue North, Vancouver, BC V5S 3T9",49.2064,-123.04904,open_waitlist,non_profit,1.0,3.0,apartment,pets_ok,"Fraserview Towers is a housing co-operative located just west of the River District. Its two towers include many (1-, 2- and 3-bedroom) co-op homes, some with s…",https://www.chf.bc.ca/wp-content/uploads/2026/06/website.1.Fraserview_Towers_2020-07_front-1024x438.jpg,http://fraserviewcoop.ca,https://www.chf.bc.ca/co-ops/fraserview-towers-housing-co-operative/
grace-macinnis-housing-co-operative-bc,Grace MacInnis Housing Co-operative (BC),Vancouver,Lower Mainland/Fraser Valley,Grandview-Woodland,,"825 Salsbury Drive, Vancouver, BC V5L 4A3",49.27729408,-123.06888997,open_waitlist,non_profit,1.0,3.0,other,,,https://www.chf.bc.ca/wp-content/uploads/2026/06/website.1.Grace_MacInnis-1024x438.jpg,,https://www.chf.bc.ca/co-ops/grace-macinnis-housing-co-operative-bc/
grandview-co-operative-housing-association,Grandview Co-operative Housing Association,Vancouver,Lower Mainland/Fraser Valley,Grandview-Woodland,,"1455 Napier Street, Vancouver, BC V5L 2M6",49.27517545,-123.07487688,closed,non_profit,0.0,3.0,apartment,pets_ok,"Grandview Co-op is a community of people that share the belief that housing is central to building strong, vibrant and connected communities. Grandview Co-op is…",https://www.chf.bc.ca/wp-content/uploads/2026/06/website.1.Grandview-2025-05-14-1024x439.jpg,https://grandviewcoop.wordpress.com/,https://www.chf.bc.ca/co-ops/grandview-co-operative-housing-association/
greater-vancouver-floating-home-co-operative,Greater Vancouver Floating Home Co-operative,Vancouver,Lower Mainland/Fraser Valley,Fairview,,"1015 Ironwork Passage, Vancouver, BC V6H 3R4",49.26827,-123.12839,closed,equity,,,other,,The Greater Vancouver Floating Home Co-op (GVFHC) operates the Spruce Harbour Marina in beautiful False Creek. GVFHC is an equity co-op and offers members a uni…,https://www.chf.bc.ca/wp-content/uploads/2026/06/website.1.Greater-Vancouver-Floating-Homes_2018.03-23-1024x439.jpg,http://spruceharbour.com/,https://www.chf.bc.ca/co-ops/greater-vancouver-floating-home-co-operative/
griffins-walk-housing-cooperative,Griffin’s Walk Housing Cooperative,Vancouver,Lower Mainland/Fraser Valley,South Vancouver,,"449 East 44th Avenue, Vancouver, BC V5W 1W2",49.23041224,-123.09531965,closed,non_profit,1.0,3.0,other,,Griffin's Walk Co-op is located near Oakridge; it is a hedged community comprising 32 townhomes and apartments. Participating in the co-op's operations is essen…,https://www.chf.bc.ca/wp-content/uploads/2026/06/website.1.Griffins_Walk-2018-05-07-1024x439.jpg,,https://www.chf.bc.ca/co-ops/griffins-walk-housing-cooperative/
h-w-flesher-housing-co-operative,H.W. Flesher Housing Co-operative,Vancouver,Lower Mainland/Fraser Valley,Renfrew-Collingwood,SD 39,"3545 East 43rd Avenue, Vancouver, BC V5R 6A4",49.23143252,-123.0282517,open_waitlist,non_profit,1.0,4.0,apartment;townhome,accessible;pets_ok,"H.W. Flesher Housing Co-op, located in Surrey, is a family-friendly housing co-op with a variety of unit sizes. Some units are adapted to accommodate disability…",https://www.chf.bc.ca/wp-content/uploads/2026/06/website.H.W._Flesher-2017-1024x439.jpg,https://www.hwflesher.com,https://www.chf.bc.ca/co-ops/h-w-flesher-housing-co-operative/
harbour-cove-housing-co-operative,Harbour Cove Housing Co-operative,Vancouver,Lower Mainland/Fraser Valley,Fairview,,"1515 West 1st Avenue, Vancouver, BC V6J 1E8",49.27205665,-123.14128903,closed,non_profit,1.0,3.0,apartment,accessible,"Harbour Cove Housing Co-operative (the “Co-op”) consists of 21 suites located in the vibrant Granville Island neighbourhood, close to shopping, transit, restaur…",https://www.chf.bc.ca/wp-content/uploads/2026/06/website.1.Harbour_Cove-2017-06-05-1024x438.jpg,,https://www.chf.bc.ca/co-ops/harbour-cove-housing-co-operative/
helens-court-co-operative-housing-association,Helen’s Court Co-operative Housing Association,Vancouver,Lower Mainland/Fraser Valley,Kitsilano,,"2137 West 1st Avenue, Vancouver, BC V6K 1E7",49.27104183,-123.1536261,closed,non_profit,1.0,3.0,apartment,pets_ok,"Helen's Court is a friendly, diverse co-op near Kits Beach. Thank you for your interest.",https://www.chf.bc.ca/wp-content/uploads/2026/06/website.1.Helens-Court-1024x439.jpg,http://www.helenscourt.org,https://www.chf.bc.ca/co-ops/helens-court-co-operative-housing-association/
heritage-housing-co-operative,Heritage Housing Co-operative,Vancouver,Lower Mainland/Fraser Valley,Fairview,,"717 West 8th Avenue, Vancouver, BC V5Z 1C9",49.26446677,-123.12042184,closed,non_profit,0.0,3.0,other,pets_ok,"The co-op offers a mixture of one-, two- and three-bedroom units. Family-oriented, up to two pets per unit, participation required. Please go to our website at…",https://www.chf.bc.ca/wp-content/uploads/2026/06/website.Heritage-1024x438.jpg,https://heritagehousingco-op.ca/,https://www.chf.bc.ca/co-ops/heritage-housing-co-operative/
inti-housing-co-operative-1985,Inti Housing Co-operative (1985),Vancouver,Lower Mainland/Fraser Valley,Kitsilano,,"1675 Cypress Street, Vancouver, BC V6J 3L4",49.27094519,-123.14821914,open_waitlist,non_profit,1.0,4.0,apartment,accessible;pets_ok,"Inti is a small well maintained co-op located in the heart of Kitsilano, on Cypress Street at W 1st Avenue. The area is extremely walkable with easy access to K…",https://www.chf.bc.ca/wp-content/uploads/2026/06/website.1.Inti_-1024x438.jpg,http://www.inticoop.com/,https://www.chf.bc.ca/co-ops/inti-housing-co-operative-1985/
jackson-avenue-housing-co-operative,Jackson Avenue Housing Co-operative,Vancouver,Lower Mainland/Fraser Valley,Strathcona,,"248 Jackson Avenue, Vancouver, BC V3N 4E5",49.28241323,-123.09310787,closed,non_profit,2.0,4.0,other,,Unique co-op near Oppenheimer Park in Vancouver.,https://www.chf.bc.ca/wp-content/uploads/2026/06/website.Jackson-1024x438.jpg,,https://www.chf.bc.ca/co-ops/jackson-avenue-housing-co-operative/
jasmine-place-housing-co-operative,Jasmine Place Housing Co-operative,Vancouver,Lower Mainland/Fraser Valley,Mount Pleasant,SD 39,"775 East 7th Avenue, Vancouver, BC V5T 1P3",49.2645604,-123.08761087,closed,non_profit,1.0,3.0,apartment,pets_ok,"Near shops, schools and Broadway Skytrain Station. Some units with great view. Participation mandatory & expected. One- and two-bedroom wheelchair accessible un…",https://www.chf.bc.ca/wp-content/uploads/2026/06/website.1.Jasmine_Place-1024x438.jpg,,https://www.chf.bc.ca/co-ops/jasmine-place-housing-co-operative/
juniper-co-operative-community-housing-association,Juniper Co-operative Community Housing Association,Vancouver,Lower Mainland/Fraser Valley,Kitsilano,,"2017 West 5th Avenue, Vancouver, BC V6J 1P8",49.26749853,-123.15092794,closed,non_profit,,,other,,"The co-op operates two apartment buildings located in Kitsilano. Share purchase starts at $500 per adult, and depends on the size of the unit. Three-bedroom uni…",https://www.chf.bc.ca/wp-content/uploads/2026/06/website.Juniper_2019-1024x439.jpg,,https://www.chf.bc.ca/co-ops/juniper-co-operative-community-housing-association/
kanata-co-operative-housing-association,Kanata Co-operative Housing Association,Vancouver,Lower Mainland/Fraser Valley,Killarney,,"7155 Blake Street, Vancouver, BC V5S 3V5",49.21811899,-123.03056313,closed,non_profit,1.0,4.0,townhome,,Located in Champlain Heights.,https://www.chf.bc.ca/wp-content/uploads/2026/06/website.1.Kanata-1024x438.jpg,,https://www.chf.bc.ca/co-ops/kanata-co-operative-housing-association/
kaslo-gardens-housing-co-operative,Kaslo Gardens Housing Co-operative,Vancouver,Lower Mainland/Fraser Valley,Renfrew-Collingwood,,"2765 Co-operative Way, Vancouver, BC V5M 4S4",49.25738833,-123.04775452,closed,non_profit,1.0,4.0,townhome,pets_ok,"Kaslo Gardens is a beautifully landscaped, 85-unit housing co-operative located between Kaslo and Slocan Streets, south of Grandview Highway in East Vancouver.",https://www.chf.bc.ca/wp-content/uploads/2026/06/website.1.Kaslo_Gardens-2018-05-1024x438.jpg,https://kaslogardens.ca/,https://www.chf.bc.ca/co-ops/kaslo-gardens-housing-co-operative/
kerrisdale-crest-apts-co-operative-association,Kerrisdale Crest Apts. Co-operative Association,Vancouver,Lower Mainland/Fraser Valley,Kerrisdale,,"2296 West 39th Avenue, Vancouver, BC V6M 1T9",49.236506,-123.159869,closed,equity,1.0,2.0,apartment,,Kerrisdale Crest is a small equity co-op located in Vancouver's Kerrisdale neighbourhood. It is also the oldest continuously operating housing co-operative in B…,https://www.chf.bc.ca/wp-content/uploads/2026/06/website.1.Kerrisdale_Crest_2024-05-1024x440.jpg,,https://www.chf.bc.ca/co-ops/kerrisdale-crest-apts-co-operative-association/
killarney-gardens-housing-co-operative,Killarney Gardens Housing Co-operative,Vancouver,Lower Mainland/Fraser Valley,Killarney,SD 39,"2998 East 54th Avenue, Vancouver, BC V5S 1Y5",49.21915358,-123.04367102,closed,non_profit,1.0,3.0,apartment;townhome,pets_ok,"Includes heat, hot water and one parking stall. Additional parking is $25 /month/stall. Family-oriented. Two pets per household.",https://www.chf.bc.ca/wp-content/uploads/2026/06/website.1.Killarney_Gardens-1024x438.jpg,,https://www.chf.bc.ca/co-ops/killarney-gardens-housing-co-operative/
kinross-creek-housing-co-operative,Kinross Creek Housing Co-operative,Vancouver,Lower Mainland/Fraser Valley,Killarney,,"8001 Curate Wynd, Vancouver, BC V5S 4K2",49.21247171,-123.02878208,closed,non_profit,1.0,4.0,apartment;townhome,,"Located in Champlain Heights, Kinross Creek is just steps from Everett Crowley Park and Champlain Heights Community Centre. We are surrounded by a large network…",,http://www.kinrosscreek.com/,https://www.chf.bc.ca/co-ops/kinross-creek-housing-co-operative/
kinship-housing-co-operative,Kinship Housing Co-operative,Vancouver,Lower Mainland/Fraser Valley,Killarney,,"3183 Pierview Crescent, Vancouver, BC V5S 2H4",49.207433,-123.039995,open_waitlist,non_profit,0.0,3.0,apartment,accessible;pets_ok,"Located in the River District in South Vancouver, Kinship Housing Co-op is two intimate buildings featuring 140 homes comprised of studio, 1, 2, and 3-bedroom a…",https://www.chf.bc.ca/wp-content/uploads/2026/06/website.1.Kinship_2020-10-22-21x9-pierview2-1024x438.jpg,https://kinshipcoop.ca/,https://www.chf.bc.ca/co-ops/kinship-housing-co-operative/
kitsilano-terrace-housing-co-operative,Kitsilano Terrace Housing Co-operative,Vancouver,Lower Mainland/Fraser Valley,Kitsilano,,"2616 West Broadway, Vancouver, BC V6K 2G3",49.26375564,-123.16534964,closed,non_profit,1.0,3.0,other,pets_ok,"Kitsilano Terrace Housing Co-op is a smoke-free property situated within walking distance of great schools, shopping, the beach, Connaught Park, and the Kitsila…",https://www.chf.bc.ca/wp-content/uploads/2026/06/website.1.Kitsilano_Terrace-1024x438.jpg,https://www.kitsterrace.ca/Contact.aspx,https://www.chf.bc.ca/co-ops/kitsilano-terrace-housing-co-operative/
kitsun-co-operative-housing,Kitsun Co-operative Housing,Vancouver,Lower Mainland/Fraser Valley,Kitsilano,SD 39,"2431 Vine Street, Vancouver, BC V6K 3K7",49.26419383,-123.15791342,closed,non_profit,1.0,3.0,apartment,rgi,Waitlist is currently closed. Not wheelchair accessible. No pets. Participation a must.,https://www.chf.bc.ca/wp-content/uploads/2026/06/website.1.Kitsun-1024x438.jpg,http://kitsunhousingcooperative.files.wordpress.com/,https://www.chf.bc.ca/co-ops/kitsun-co-operative-housing/
la-petite-maison-co-operative-housing-association,La Petite Maison Co-operative Housing Association,Vancouver,Lower Mainland/Fraser Valley,Killarney,SD 39,"7401 - 7469 Talon Square, Vancouver, BC V5S 3X6",49.21703561,-123.02619985,open_waitlist,non_profit,2.0,4.0,townhome,,"We are a 66 unit family-oriented co-op in Champlain Heights in SE Vancouver: a park-like setting within walking distance of schools, a recreation center, stores…",https://www.chf.bc.ca/wp-content/uploads/2026/06/website.1.La_Petite_Maison-2017-05-25-1024x438.jpg,,https://www.chf.bc.ca/co-ops/la-petite-maison-co-operative-housing-association/
lakewood-terrace-housing-co-operative,Lakewood Terrace Housing Co-operative,Vancouver,Lower Mainland/Fraser Valley,Kensington-Cedar Cottage,SD 39,"2075 East 12th Avenue, Vancouver, BC V5N 2A9",49.25992897,-123.06277581,open_waitlist,non_profit,1.0,3.0,apartment;townhome,,"The membership at Lakewood Terrace Housing Co-op reflects the diversity of the neighbourhood: individuals and families; people of all genders, ages, religions,…",https://www.chf.bc.ca/wp-content/uploads/2026/06/website.1.Lakewood_Terrace-2017-05-03-1024x439.jpg,https://lakewoodterrace.wordpress.com/,https://www.chf.bc.ca/co-ops/lakewood-terrace-housing-co-operative/
laura-jamieson-housing-co-operative,Laura Jamieson Housing Co-operative,Vancouver,Lower Mainland/Fraser Valley,Grandview-Woodland,,"1349 East 2nd Avenue, Vancouver, BC V5N 1C4",49.26900321,-123.07614157,closed,non_profit,1.0,3.0,apartment,pets_ok,"Suites have laundry and dishwasher hookups available. Active participation is required. (Share purchase is $1,000 for subsidized.)",https://www.chf.bc.ca/wp-content/uploads/2026/06/website.Laura_Jamieson_2014-1024x439.jpg,https://laurajamiesoncoop.ca/,https://www.chf.bc.ca/co-ops/laura-jamieson-housing-co-operative/
le-coeur-housing-co-operative,Le Coeur Housing Co-operative,Vancouver,Lower Mainland/Fraser Valley,Killarney,,"3502 Cordiale Drive, Vancouver, BC V5S 4H3",49.20962267,-123.02601179,open_waitlist,non_profit,1.0,4.0,townhome,pets_ok,"Pets ok. Participation is required. Three-bedroom units may have a full-basement, a half-basement or no basement. Some two-bedrooms have a basement.",https://www.chf.bc.ca/wp-content/uploads/2026/06/website.1.Le_Coeur-1024x438.jpg,https://lecoeurcoop.com/,https://www.chf.bc.ca/co-ops/le-coeur-housing-co-operative/
levellers-housing-co-operative,Levellers’ Housing Co-operative,Vancouver,Lower Mainland/Fraser Valley,Grandview-Woodland,,"1763 East Pender Street, Vancouver, BC V5L 1W5",49.28051041,-123.06880418,open_waitlist,non_profit,1.0,3.0,apartment,pets_ok,Levellers’ Housing Cooperative is located in East Vancouver (close to the Hastings Sunrise shopping area and in the heart of the East Van craft brew district).…,https://www.chf.bc.ca/wp-content/uploads/2026/06/website.Levellers-1024x438.jpg,http://levellerscoop.ca,https://www.chf.bc.ca/co-ops/levellers-housing-co-operative/
lore-krill-housing-cooperative,Lore Krill Housing Cooperative,Vancouver,Lower Mainland/Fraser Valley,Downtown,,"239 East Georgia Street*, Vancouver, BC MULTI",49.27881639,-123.09841302,closed,non_profit,0.0,4.0,other,pets_ok,"The co-op opened in 2002. There are 106 apartments at 65 West Cordova (bachelor, one-bedroom and two-bedroom). There are 97 apartments at 230 East Georgia (from…",https://www.chf.bc.ca/wp-content/uploads/2026/06/website.1.Lore_Krill_E_Gerogia-2018-05-1024x439.jpg,,https://www.chf.bc.ca/co-ops/lore-krill-housing-cooperative/
manhattan-co-operative-housing-association,Manhattan Co-operative Housing Association,Vancouver,Lower Mainland/Fraser Valley,West End,,"784 Thurlow Street, Vancouver, BC V6E 1V9",49.28469,-123.12437,open_waitlist,non_profit,1.0,2.0,apartment,pets_ok,"The Manhattan is an over 100 year old building in a vibrant location. Our building has 44 apartments of varying sizes and configurations. We have Studios, One B…",https://www.chf.bc.ca/wp-content/uploads/2026/06/website.1.The_Manhattan-2024-1024x438.jpg,http://www.vcn.bc.ca/man,https://www.chf.bc.ca/co-ops/manhattan-co-operative-housing-association/
maple-creek-housing-co-operative,Maple Creek Housing Co-operative,Vancouver,Lower Mainland/Fraser Valley,Kitsilano,,"2053 West 8th Avenue, Vancouver, BC V6J 1W4",49.26495895,-123.15173449,open_waitlist,non_profit,1.0,3.0,apartment,,The co-op operates a three-building complex that include four-storey stacked townhouses and a four-storey apartment building. Play area. No other recreational f…,https://www.chf.bc.ca/wp-content/uploads/2026/06/website.1.Maple-Creek-1024x438.jpg,,https://www.chf.bc.ca/co-ops/maple-creek-housing-co-operative/
marina-housing-co-operative,Marina Housing Co-operative,Vancouver,Lower Mainland/Fraser Valley,Fairview,,"1590 West 1st Avenue, Vancouver, BC V6J 4X4",49.2708485,-123.14070438,open_waitlist,non_profit,1.0,3.0,apartment,accessible;pets_ok,Marina Housing Co-operative is situated across from Molson Canada Parking Lot and is within walking distance from Creekside Park and Burrard Civic Marina. It ha…,https://www.chf.bc.ca/wp-content/uploads/2026/06/website.Marina-2017-06-05-1024x438.jpg,,https://www.chf.bc.ca/co-ops/marina-housing-co-operative/
marine-court-housing-co-operative,Marine Court Housing Co-operative,Vancouver,Lower Mainland/Fraser Valley,Marpole,,"1599 West 71st Avenue, Vancouver, BC V6P 3C3",49.20760295,-123.14347965,open_waitlist,non_profit,1.0,3.0,townhome,rgi;pets_ok,"Marine Court is located in the Marpole neighbourhood of South Vancouver. It sits near shopping, the Arbutus Greenway, William Mackie Park and a wide range of se…",https://www.chf.bc.ca/wp-content/uploads/2026/06/website.1.Marine_Court-2018-05-26b-1024x438.jpg,http://marinecourt.org,https://www.chf.bc.ca/co-ops/marine-court-housing-co-operative/
marpole-terrace-housing-co-operative,Marpole Terrace Housing Co-operative,Vancouver,Lower Mainland/Fraser Valley,Marpole,SD 39,"8695 SW Marine Drive, Vancouver, BC V6P 6A2",49.20753063,-123.14269428,closed,non_profit,1.0,3.0,other,accessible,"Marpole Terrace is located in the Marpole neighbourhood of South Vancouver. It sits near shopping, the Arbutus Greenway, William Mackie Park and a wide range of…",https://www.chf.bc.ca/wp-content/uploads/2026/06/website.1.Marpole_Terrace-2018-05-26b-1024x438.jpg,,https://www.chf.bc.ca/co-ops/marpole-terrace-housing-co-operative/
matheson-heights-housing-co-operative,Matheson Heights Housing Co-operative,Vancouver,Lower Mainland/Fraser Valley,Killarney,,"3514 Blue Jay Crescent, Vancouver, BC V5S 4E4",49.21275024,-123.02641787,closed,non_profit,1.0,4.0,townhome,pets_ok,"Located in Champlain Heights. Common building with office, meeting hall and kitchen. Playground.",,,https://www.chf.bc.ca/co-ops/matheson-heights-housing-co-operative/
mau-dan-gardens-housing-co-operative,Mau Dan Gardens Housing Co-operative,Vancouver,Lower Mainland/Fraser Valley,Strathcona,,"350 East Pender Street, Vancouver, BC V6A 3X4",49.27984549,-123.0957684,closed,non_profit,1.0,4.0,other,pets_ok,"Mau Dan Gardens borders the Chinatown and Strathcona neighbourhoods. We are an involved, spirited, diverse and child-friendly community close to schools, commun…",https://www.chf.bc.ca/wp-content/uploads/2026/06/website.Mau_Dan-1024x438.jpg,http://maudancoop.ca,https://www.chf.bc.ca/co-ops/mau-dan-gardens-housing-co-operative/
mchardy-housing-co-operative,McHardy Housing Co-operative,Vancouver,,Renfrew-Collingwood,,"5085 McHardy Street, Vancouver, BC V5R 4V4",49.24053642293749,-123.03490702563117,open_waitlist,non_profit,0.0,3.0,other,accessible;pets_ok,McHardy is new six-storey housing co-operative in Vancouver operating under the Community Land Trust umbrella. McHardy offers 102 homes to members in the Renfre…,https://www.chf.bc.ca/wp-content/uploads/2026/06/website.McHardy_2026_a-1024x439.jpg,https://mchardycoop.ca,https://www.chf.bc.ca/co-ops/mchardy-housing-co-operative/
melton-court-co-operative-housing-association,Melton Court Co-operative Housing Association,Vancouver,Lower Mainland/Fraser Valley,Kitsilano,,"2310 Cornwall Avenue, Vancouver, BC V6K 1B7",49.2723574,-123.15780793,closed,non_profit,0.0,2.0,apartment,pets_ok,"Attractive heritage, low-rise apartment building across the street from Kits Beach. This is a small co-op with little turnover; Please note that this co-op is n…",https://www.chf.bc.ca/wp-content/uploads/2026/06/website.1.Melton-Court-1024x438.jpg,,https://www.chf.bc.ca/co-ops/melton-court-co-operative-housing-association/
north-arm-housing-co-operative,North Arm Housing Co-operative,Vancouver,Lower Mainland/Fraser Valley,Kensington-Cedar Cottage,,"710 E 19th Avenue, Vancouver, BC V5V 1K3",49.25368,-123.08994,closed,non_profit,0.0,1.0,apartment,seniors,"North Arm Co-operative is a new 55-plus housing co-op in Vancouver. The co-op has a shared community room. On the main floor, the 411 Senior Centre Society esta…",https://www.chf.bc.ca/wp-content/uploads/2026/06/website.1.NorthArm-1024x492.jpg,,https://www.chf.bc.ca/co-ops/north-arm-housing-co-operative/
northern-way-housing-co-operative,Northern Way Housing Co-operative,Vancouver,Lower Mainland/Fraser Valley,Mount Pleasant,SD 39,"675 E 5th Ave, Vancouver, BC V5T 4P1",49.26639799,-123.09065341,closed,non_profit,1.0,4.0,townhome,pets_ok,"A positive, open and accepting community. Participation is mandatory. Close to downtown, bus, SkyTrain, schools. Some with mountain views. For more information…",https://www.chf.bc.ca/wp-content/uploads/2026/06/website.1.Northern_Way-1024x438.jpg,http://northernwaycoop.ca/,https://www.chf.bc.ca/co-ops/northern-way-housing-co-operative/
pacific-heights-housing-co-operative,Pacific Heights Housing Co-operative,Vancouver,Lower Mainland/Fraser Valley,West End,,"1035 Pacific St, Vancouver, BC V6E 4G7",49.27756532,-123.13273637,closed,non_profit,1.0,3.0,apartment,pets_ok,"Pacific Heights Housing Co-operative, a 91-unit non-profit housing co-op located on Pacific Street, Vancouver, was founded in 1985. It is conveniently located n…",https://www.chf.bc.ca/wp-content/uploads/2026/06/website.1.Pacific_Heights-1024x438.jpg,http://www.phhc.ca/,https://www.chf.bc.ca/co-ops/pacific-heights-housing-co-operative/
pacific-housing-co-operative,Pacific Housing Co-operative,Vancouver,Lower Mainland/Fraser Valley,Fairview,,"1131 W 11th Ave, Vancouver, BC V6H 1K4",49.26159,-123.129586,closed,equity,2.0,2.0,apartment,,"Pacfic is a small equity housing co-operative, located near Vancouver General Hospital. It operates a low-rise apartment building.",https://www.chf.bc.ca/wp-content/uploads/2026/06/website.1.Pacific-2018-05a-1024x438.jpg,,https://www.chf.bc.ca/co-ops/pacific-housing-co-operative/
pacific-park-place-1985-housing-co-operative,Pacific Park Place (1985) Housing Co-operative,Vancouver,Lower Mainland/Fraser Valley,Renfrew-Collingwood,,"5810 Battison St, Vancouver, BC V5R 5X8",49.23126023,-123.03003447,closed,non_profit,1.0,4.0,apartment;townhome,pets_ok,"Small family oriented co-op. Some pets ok. Close to Skytrain, shopping and Central Park. For more information, please visit our website!",,https://pacificparkplacehousingco-op.com/,https://www.chf.bc.ca/co-ops/pacific-park-place-1985-housing-co-operative/
paloma-housing-co-operative,Paloma Housing Co-operative,Vancouver,Lower Mainland/Fraser Valley,Grandview-Woodland,,"1580-1638 E 3rd Ave, Vancouver, BC V5N 1G9",49.26755366,-123.07135898,closed,non_profit,1.0,3.0,other,accessible,"We are located in the vibrant Commercial Drive neighbourhood, close to shopping, restaurants, parks, transit, schools, library and recreation Center. In additio…",,http://palomacoop.ca/,https://www.chf.bc.ca/co-ops/paloma-housing-co-operative/
penta-co-operative-housing-association,Penta Co-operative Housing Association,Vancouver,Lower Mainland/Fraser Valley,West Point Grey,,"1707 Wallace St, Vancouver, BC V6R 4J7",49.27107928,-123.18996814,closed,non_profit,1.0,3.0,townhome,,"Penta Housing Co-Op is nestled in Vancouver's peaceful Point Grey neighbourhood, just steps away from the beautiful Jericho Beach. This prime location offers re…",https://www.chf.bc.ca/wp-content/uploads/2026/06/website.1.Penta-2018-05-26a-1024x438.jpg,https://www.pentacoop.com/,https://www.chf.bc.ca/co-ops/penta-co-operative-housing-association/
phoenix-court-housing-co-operative,Phoenix Court Housing Co-operative,Vancouver,Lower Mainland/Fraser Valley,Kitsilano,,"2424 Maple Street, Vancouver, BC V6J 4Y1",49.26442777,-123.15003674,closed,non_profit,1.0,2.0,apartment,pets_ok,"Great, recently completely renovated westside co-op community. Walk to the beach, schools, & shopping. Phoenix Court has 33 units surrounding an open, landscape…",https://www.chf.bc.ca/wp-content/uploads/2026/06/website.1.Phoenix_Court-1024x438.jpg,,https://www.chf.bc.ca/co-ops/phoenix-court-housing-co-operative/
railyard-housing-co-operative,Railyard Housing Co-operative,Vancouver,Lower Mainland/Fraser Valley,Mount Pleasant,,"95 East 1st Avenue, Vancouver, BC V6A 0H6",49.270373787,-123.102788329,closed,non_profit,0.0,3.0,apartment,accessible;pets_ok,"Railyard is located at the corner of Quebec and 1st Avenue in southeast False Creek, close to the seawall, Science World, public transportation and a range of r…",https://www.chf.bc.ca/wp-content/uploads/2026/06/website.1.Railyard_2018-03-09-1024x438.jpg,https://railyardcoop.ca/,https://www.chf.bc.ca/co-ops/railyard-housing-co-operative/
rishon-housing-co-operative,Rishon Housing Co-operative,Vancouver,Lower Mainland/Fraser Valley,Marpole,,"1516 West 71st Ave, Vancouver, BC V6P 3C1",49.20682197,-123.14150123,open_waitlist,non_profit,1.0,3.0,apartment,pets_ok,"This is a 20-unit housing co-operative located in southwest Vancouver, on West 71st Ave. between Granville St. and Southwest Marine Drive. It is a 30-minute bus…",https://www.chf.bc.ca/wp-content/uploads/2026/06/website.1.Rishon_2018-05-26a-1024x438.jpg,http://rishonco-op.yolasite.com,https://www.chf.bc.ca/co-ops/rishon-housing-co-operative/
rising-star-housing-co-operative,Rising Star Housing Co-operative,Vancouver,Lower Mainland/Fraser Valley,Grandview-Woodland,SD 39,"1556 E 5th Ave, Vancouver, BC V5N 1L7",49.26573514,-123.07218136,closed,non_profit,1.0,3.0,apartment,accessible;pets_ok,"33-unit housing complex located at 5th and Commercial Drive, three blocks from the Skytrain and many amenities of the Drive. Close to schools. (Some three-bedro…",https://www.chf.bc.ca/wp-content/uploads/2026/06/website.1.Rising_Star-1024x438.jpg,https://www.risingstarcoop.com/welcome,https://www.chf.bc.ca/co-ops/rising-star-housing-co-operative/
riverside-landing-housing-co-operative,Riverside Landing Housing Co-operative,Vancouver,Lower Mainland/Fraser Valley,Victoria-Fraserview,,"2288 Skipper Place, Vancouver, BC V5P 4T5",49.2067025,-123.06053178,closed,non_profit,1.0,4.0,townhome,rgi;accessible;pets_ok,"Riverside Landing was established in 1985. They are a family oriented, diverse, and inclusive not-for-profit housing co-op. Perched on the city’s edge in South…",https://www.chf.bc.ca/wp-content/uploads/2026/06/website.Riverside_Landing-1024x438.jpg,https://www.riversidelandinghousingcoop.ca,https://www.chf.bc.ca/co-ops/riverside-landing-housing-co-operative/
robson-park-co-operative-housing-association,Robson Park Co-operative Housing Association,Vancouver,Lower Mainland/Fraser Valley,Mount Pleasant,,"MULTI, Vancouver, BC V5T 2P9",49.25909002,-123.09273013,closed,non_profit,1.0,4.0,other,,"Robson Park Co-operative Housing Association is a small, diverse community of individuals and families located in Mount Pleasant at the intersection of St. Geor…",https://www.chf.bc.ca/wp-content/uploads/2026/06/website.1.Robson_Park_15th-1024x439.jpg,http://robsonparkcoop.org,https://www.chf.bc.ca/co-ops/robson-park-co-operative-housing-association/
rose-garden-co-operative-housing-society,Rose Garden Co-operative Housing Society,Vancouver,Lower Mainland/Fraser Valley,Strathcona,,"853 E Pender St, Vancouver, BC V6A 1V9",49.28037655,-123.0858665,closed,non_profit,0.0,3.0,apartment,accessible,"Three-storey walk-up apartment building. Eight of our suites are accessible. We have a common room, shared laundry and an office on the main floor. Units range…",https://www.chf.bc.ca/wp-content/uploads/2026/06/website.1.Rose_Garden-1024x438.jpg,,https://www.chf.bc.ca/co-ops/rose-garden-co-operative-housing-society/
roundhouse-co-operative-housing-association,Roundhouse Co-operative Housing Association,Vancouver,Lower Mainland/Fraser Valley,Downtown,,"1267 Marinaside Crescent, Vancouver, BC V6Z 2X5",49.27286767,-123.12091871,closed,non_profit,1.0,4.0,apartment,rgi;pets_ok,"The Roundhouse Housing Cooperative is a family oriented community with just over 130 units, conveniently located near the Roundhouse Community Arts and Recreati…",https://www.chf.bc.ca/wp-content/uploads/2026/06/website.Roundhouse-2018-05b-1024x439.jpg,,https://www.chf.bc.ca/co-ops/roundhouse-co-operative-housing-association/
sam-greer-place-housing-co-operative,Sam Greer Place Housing Co-operative,Vancouver,Lower Mainland/Fraser Valley,Kitsilano,,"1714 Maple St, Vancouver, BC V6J 3S6",49.27046454,-123.14995826,closed,non_profit,1.0,2.0,townhome,pets_ok,About Sam Greer Place Housing Co-operative Sam Greer is a 15-unit housing co-op made up of 7 one-bedroom and 8 two-bedroom suites surrounding a central courtyar…,https://www.chf.bc.ca/wp-content/uploads/2026/06/website.Sam_Greer_2022-1024x439.jpg,,https://www.chf.bc.ca/co-ops/sam-greer-place-housing-co-operative/
sawmill-housing-co-operative,Sawmill Housing Co-operative,Vancouver,,Killarney,,"8559 Jack Uppal Street, Vancouver, BC V5S 0K2",49.20641782740723,-123.03388595997336,open_waitlist,non_profit,0.0,3.0,other,pets_ok,Sawmill Housing Co-operative is located in the River District in South East Vancouver. Its 117 co-op homes opened in late January 2025. It sits near a number of…,https://www.chf.bc.ca/wp-content/uploads/2026/06/website.1.Sawmill_2025-01-30-1024x439.jpg,,https://www.chf.bc.ca/co-ops/sawmill-housing-co-operative/
sitka-housing-co-operative-1985,Sitka Housing Co-operative (1985),Vancouver,Lower Mainland/Fraser Valley,Grandview-Woodland,,"1550 Woodland Dr, Vancouver, BC V5L 5A5",49.27078715,-123.07305553,closed,non_profit,1.0,4.0,apartment;townhome,accessible,"Located in the Commercial Drive area. Six of our units are accessible. Mix of townhomes and a 12-unit apartment buidling. Common room with kithen, shared laundr…",https://www.chf.bc.ca/wp-content/uploads/2026/06/website.1.Sitka-2014-07-2ndattempt-1024x438.jpg,,https://www.chf.bc.ca/co-ops/sitka-housing-co-operative-1985/
sojourn-housing-co-operative,Sojourn Housing Co-operative,Vancouver,Lower Mainland/Fraser Valley,West End,,"1763 Nelson St, Vancouver, BC V6G 1M6",49.28912892,-123.1377026,open_waitlist,non_profit,1.0,3.0,other,,"Sojourn is a well-run and well-maintained co-op in the West End of Vancouver, close to English Bay and Stanley Park. Some wheelchair accessible units. No subsid…",https://www.chf.bc.ca/wp-content/uploads/2026/06/website.1.Sojourn-1024x438.jpg,https://www.sojournhousingcooperative.org/,https://www.chf.bc.ca/co-ops/sojourn-housing-co-operative/
stanley-noble-stronge-housing-co-operative,Stanley Noble Stronge Housing Co-operative,Vancouver,Lower Mainland/Fraser Valley,Fairview,,"730 W 6th Ave, Vancouver, BC V5Z 1A5",49.26582,-123.12054,closed,non_profit,1.0,3.0,other,accessible,,https://www.chf.bc.ca/wp-content/uploads/2026/06/website.Stanley_Noble_Strong-1024x438.jpg,,https://www.chf.bc.ca/co-ops/stanley-noble-stronge-housing-co-operative/
still-creek-housing-co-operative,Still Creek Housing Co-operative,Vancouver,Lower Mainland/Fraser Valley,Renfrew-Collingwood,SD 39,"2765 Co-operative Way, Vancouver, BC V5M 4S4",49.25732576,-123.04889439,closed,non_profit,1.0,4.0,townhome,accessible;pets_ok,"The co-op is situated in a great location, near Renfrew Skytrain, with easy access to shops, parks, a public library, and schools such as Vancouver Technical Se…",https://www.chf.bc.ca/wp-content/uploads/2026/06/website.1.Still_Creek_2017-10-1024x438.jpg,http://www.stillcreekcoop.com/coop/,https://www.chf.bc.ca/co-ops/still-creek-housing-co-operative/
strathcona-co-operative-housing-association,Strathcona Co-operative Housing Association,Vancouver,Lower Mainland/Fraser Valley,Strathcona,,"730 Union St, Vancouver, BC V6A 2C2",49.27720434,-123.08921553,closed,non_profit,2.0,4.0,townhome,,Small co-op close to MacLean Park and Strathcona Park.,https://www.chf.bc.ca/wp-content/uploads/2026/06/website.Strathcona-1024x438.jpg,,https://www.chf.bc.ca/co-ops/strathcona-co-operative-housing-association/
sunbridge-housing-co-operative,Sunbridge Housing Co-operative,Vancouver,Lower Mainland/Fraser Valley,Killarney,,"3450 SE Marine Dr, Vancouver, BC V5S 4P8",49.20738444,-123.03018455,open_waitlist,non_profit,1.0,3.0,townhome,pets_ok,"Sunbridge is a wonderful family co-op located in South Vancouver. Established in 1991, Sunbridge has the advantage of a central location in South Vancouver, clo…",https://www.chf.bc.ca/wp-content/uploads/2026/06/website.1.Sunbridge.2021-11-29-1024x439.jpg,,https://www.chf.bc.ca/co-ops/sunbridge-housing-co-operative/
sunrise-housing-co-operative,Sunrise Housing Co-operative,Vancouver,Lower Mainland/Fraser Valley,Grandview-Woodland,,"1528 East 5th Avenue, Vancouver, BC V5N 1L7",49.26574527,-123.07336938,open_waitlist,non_profit,1.0,3.0,other,,"Sunrise Co-op is located at the heart of Commercial Drive area, at the corner of Woodland Drive and East 5th Avenue, in Vancouver. Our residential neighbourhood…",https://www.chf.bc.ca/wp-content/uploads/2026/06/website.1.Sunrise-2017-06-06-1024x438.jpg,http://www.sunrisehousingcoop.com,https://www.chf.bc.ca/co-ops/sunrise-housing-co-operative/
synala-housing-co-operative,Synala Housing Co-operative,Vancouver,Lower Mainland/Fraser Valley,Renfrew-Collingwood,,"3090 Kingsway, Vancouver, BC V5R 5J7",49.2351038,-123.04054547,closed,non_profit,1.0,4.0,townhome,rgi;pets_ok,,https://www.chf.bc.ca/wp-content/uploads/2026/06/website.1.Synala_PXL_20250409_231750141-topaz223-sharpen-1024x438.jpg,,https://www.chf.bc.ca/co-ops/synala-housing-co-operative/
the-chilean-housing-co-operative,The Chilean Housing Co-operative,Vancouver,Lower Mainland/Fraser Valley,Renfrew-Collingwood,,"3390 School Avenue, Vancouver, BC V5R 5N7",49.23080241,-123.03304017,closed,non_profit,1.0,4.0,townhome,,"37 unit co-op located in East Vancouver, offering a mix of one-, two-, three- and four-bedroom units.",https://www.chf.bc.ca/wp-content/uploads/2026/06/website.1.The_Chilean-2019-05-21-1024x438.jpg,,https://www.chf.bc.ca/co-ops/the-chilean-housing-co-operative/
the-manor-housing-co-operative,The Manor Housing Co-operative,Vancouver,Lower Mainland/Fraser Valley,Mount Pleasant,SD 39,"101 East 7th Avenue, Vancouver, BC V5T 1M5",49.26487539,-123.10244623,closed,non_profit,1.0,3.0,apartment,pets_ok,"The Manor Co-op, also known as Quebec Manor, is a character four-storey apartment building in Mount Pleasant (built in 1911). It is not wheelchair accessible, a…",https://www.chf.bc.ca/wp-content/uploads/2026/06/website.1.The_Manor-2017-06-06-b-1024x438.jpg,,https://www.chf.bc.ca/co-ops/the-manor-housing-co-operative/
the-waterfront-consumers-co-operative,The Waterfront Consumer’s Co-operative,Vancouver,Lower Mainland/Fraser Valley,Multiple,,"2494 West 3rd Avenue, Vancouver, BC V6K 1L8",49.269065,-123.161974,closed,non_profit,,,other,,Multi-site co-operative. Not a member of CHF BC.,,,https://www.chf.bc.ca/co-ops/the-waterfront-consumers-co-operative/
tidal-flats-housing-co-operative,Tidal Flats Housing Co-operative,Vancouver,Lower Mainland/Fraser Valley,Grandview-Woodland,,"1110 Odlum Drive, Vancouver, BC V5L 3L7",49.27463356,-123.07546996,closed,non_profit,1.0,4.0,other,accessible;pets_ok,"Participation required. Cats and dogs according to policy. For more information, please click below for our website.",https://www.chf.bc.ca/wp-content/uploads/2026/06/website.1.Tidal_Flats-2014-11-28-1024x438.jpg,https://tidalflatshousingcooperative.wordpress.com/,https://www.chf.bc.ca/co-ops/tidal-flats-housing-co-operative/
trafalgar-co-operative-housing-association,Trafalgar Co-operative Housing Association,Vancouver,Lower Mainland/Fraser Valley,Kitsilano,,"2035 Trafalgar Street, Vancouver, BC V6K 3S5",49.26767786,-123.16483491,open_waitlist,non_profit,2.0,3.0,other,pets_ok,"The Trafalgar Co-op is comprised of 20 units in 3 smoke-free buildings, and is located in Kitsilano. Co-operative community spirit and financial stability are e…",https://www.chf.bc.ca/wp-content/uploads/2026/06/website.1.Trafalgar-web1-1024x439.jpg,https://trafalgarhousingcoop.wordpress.com/,https://www.chf.bc.ca/co-ops/trafalgar-co-operative-housing-association/
trout-lake-housing-co-operative,Trout Lake Housing Co-operative,Vancouver,Lower Mainland/Fraser Valley,Kensington-Cedar Cottage,,"3332 Findlay Street, Vancouver, BC V5N 4E7",49.25527408,-123.06738984,closed,non_profit,1.0,4.0,townhome,pets_ok,"Trout Lake is a family-oriented non-profit housing co-op with two- and three-storey homes. Units feature regular-size kitchens, wall-to-wall carpeting or lamina…",https://www.chf.bc.ca/wp-content/uploads/2026/06/website.1.Trout_Lake_PXL_20250409_222728344-1024x439.jpg,,https://www.chf.bc.ca/co-ops/trout-lake-housing-co-operative/
twin-rainbows-housing-co-operative,Twin Rainbows Housing Co-operative,Vancouver,Lower Mainland/Fraser Valley,Fairview,,"1415 Lamey's Mill Road, Vancouver, BC V6H 3W1",49.26788454,-123.13586996,closed,non_profit,1.0,3.0,other,accessible;pets_ok,Participation mandatory and new members must sign a Participation Agreement. Four of our units are accessible. The housing charges listed here are effective as…,https://www.chf.bc.ca/wp-content/uploads/2026/06/website.Twin_Rainbows-2017-06-05-1024x438.jpg,https://www.twinrainbowscoop.ca/,https://www.chf.bc.ca/co-ops/twin-rainbows-housing-co-operative/
vancouver-east-co-operative-housing-association,Vancouver East Co-operative Housing Association,Vancouver,Lower Mainland/Fraser Valley,Grandview-Woodland,,"1220 Salsbury Drive, Vancouver, BC V5L 4B2",49.27352487,-123.06726741,open_waitlist,non_profit,0.0,4.0,other,pets_ok,Scattered co-op. Child-friendly. LGBT friendly. Some pets allowed. Participation mandatory.,https://www.chf.bc.ca/wp-content/uploads/2026/06/website.Vancouver_East-1024x438.jpg,http://vaneast.org,https://www.chf.bc.ca/co-ops/vancouver-east-co-operative-housing-association/
vera-housing-co-operative-association,Vera Housing Co-operative Association,Vancouver,Lower Mainland/Fraser Valley,Marpole,,"575 Southwest Marine Drive, Vancouver, BC V6P 5X9",49.20965032,-123.11952291,closed,non_profit,1.0,3.0,townhome,,"The housing charges below are effective January 1st, 2025.",,,https://www.chf.bc.ca/co-ops/vera-housing-co-operative-association/
victoria-gardens-housing-co-operative,Victoria Gardens Housing Co-operative,Vancouver,Lower Mainland/Fraser Valley,Kensington-Cedar Cottage,,"1823 East 11th Avenue, Vancouver, BC V5N 1Y9",49.26070528,-123.06745152,closed,non_profit,1.0,3.0,other,rgi,Participation encouraged. Family oriented.,https://www.chf.bc.ca/wp-content/uploads/2026/06/website.Victoria_Gardens_2021-04-10-1024x439.jpg,https://victoriagardenscoop.wordpress.com/,https://www.chf.bc.ca/co-ops/victoria-gardens-housing-co-operative/
view-court-housing-co-operative,View Court Housing Co-operative,Vancouver,Lower Mainland/Fraser Valley,Mount Pleasant,SD 39,"12 West 10th Avenue, Vancouver, BC V5Y 1R6",49.26184174,-123.10540528,closed,non_profit,0.0,2.0,other,,"This non-profit housing co-op is a mixed-income community that has 32 units – small and large bachelor & 1 and 2 bedrooms. Unfortunately, there is no elevator,…",https://www.chf.bc.ca/wp-content/uploads/2026/06/website.1.View_Court-2017-06-06-1024x438.jpg,https://viewcourt.vcn.bc.ca/,https://www.chf.bc.ca/co-ops/view-court-housing-co-operative/
wishs-housing-co-operative,WISHS Housing Co-operative,Vancouver,Lower Mainland/Fraser Valley,Kitsilano,SD 39,"3360 West Broadway, Vancouver, BC V6R 2B2",49.26396627,-123.17869216,open_waitlist,non_profit,1.0,1.0,apartment,seniors;accessible,"WISHS Housing Cooperative is located in Vancouver's Greektown area. It is within walking distance from the Kitsilano Branch of the Vancouver Public Library, sho…",https://www.chf.bc.ca/wp-content/uploads/2026/06/website.1.WISHS-2018-05-26-1024x438.jpg,,https://www.chf.bc.ca/co-ops/wishs-housing-co-operative/
watershed-co-operative-housing-association,Watershed Co-operative Housing Association,Vancouver,Lower Mainland/Fraser Valley,Grandview-Woodland,,"1416 Napier Street, Vancouver, BC V5L 2M5",49.27451785,-123.07496109,open_waitlist,non_profit,1.0,4.0,apartment,,Not wheelchair accessible. Pets on approval. Participation required. No subsidy available.,https://www.chf.bc.ca/wp-content/uploads/2026/06/website.1.Watershed-1024x439.jpg,https://watershedcoop.ca/,https://www.chf.bc.ca/co-ops/watershed-co-operative-housing-association/
westerdale-housing-co-operative,Westerdale Housing Co-operative,Vancouver,Lower Mainland/Fraser Valley,Grandview-Woodland,,"1507 East 2nd Avenue, Vancouver, BC V5N 1C8",49.26896961,-123.07304966,closed,non_profit,1.0,3.0,apartment,pets_ok,"Small friendly co-op near the Drive. Beautiful garden areas, co-operative spirit, flat open rooftop with a great view of downtown. No subsidy available. Visit o…",https://www.chf.bc.ca/wp-content/uploads/2026/06/website.1.Westerdale-1024x438.jpg,https://westerdale.wordpress.com/,https://www.chf.bc.ca/co-ops/westerdale-housing-co-operative/
wits-end-housing-co-operative,Wit’s End Housing Co-operative,Vancouver,Lower Mainland/Fraser Valley,Marpole,,"1592 SW Marine Dr, Vancouver, BC V6P 6M1",49.20824039,-123.14375724,open_waitlist,non_profit,1.0,4.0,apartment,accessible;pets_ok,"52 units (apartments), No subsidy. No dogs allowed. Maximum two indoor cats allowed. Participation mandatory. Wit's End has a very active and ""participating"" me…",https://www.chf.bc.ca/wp-content/uploads/2026/06/website.1.Wits_End-2018-05-26c-1024x438.jpg,http://www.witsendcoop.ca,https://www.chf.bc.ca/co-ops/wits-end-housing-co-operative/
yew-street-housing-co-operative,Yew Street Housing Co-operative,Vancouver,Lower Mainland/Fraser Valley,Kitsilano,,"2204 West 13th Avenue, Vancouver, BC V6K 2S3",49.25983,-123.15571,closed,non_profit,2.0,4.0,other,,We are three houses that contain six units that vary in size from two 4-bedrooms homes in Kitsilano. We all share the same wonderful back yard and gardens. We c…,https://www.chf.bc.ca/wp-content/uploads/2026/06/website.Yew_Street-1024x438.jpg,,https://www.chf.bc.ca/co-ops/yew-street-housing-co-operative/
