ID,Name,Status,Category,Status Detail,Latitude,Longitude,Link
RZ014,2165-2195 and 2205-2291 W 45th Av (Dunbar Ryerson United Church),Approved,approved_strata,"Approved Oct. 31, 2017",49.23115,-123.15909,https://wayback.archive-it.org/8849/20211021195206/https://rezoning.vancouver.ca/applications/2165-2195and2205-2291w45thave/index.htm
RZ027,4176 Alexandra St (York House),Approved,approved_office,"Approved Jan. 30, 2018",49.24874,-123.14032,https://wayback.archive-it.org/8849/20211021195556/https://rezoning.vancouver.ca/applications/4176alexandrast/index.htm
RZ032,1640-1650 Alberni St,Approved,approved_market,"Approved December 9, 2021",49.290494,-123.132327,https://www.shapeyourcity.ca/1640-1650-alberni-st
RZ049,855 Kingsway,Approved,approved_market,"Approved June 5, 2018",49.2553293689318,-123.08624,https://wayback.archive-it.org/8849/20211021201539/https://rezoning.vancouver.ca/applications/855kingsway/index.htm
RZ058,339 E 1st Ave,Approved,approved_office,"Approved Apr. 17, 2018",49.268498,-123.096288,https://wayback.archive-it.org/8849/20211021194130/https://rezoning.vancouver.ca/applications/339e1st/index.htm
RZ077,6679 Main St,Approved,approved_market,"Approved Jan. 16, 2018",49.223948,-123.102135,https://wayback.archive-it.org/8849/20211021202259/https://rezoning.vancouver.ca/applications/6679main/index.htm
RZ084,800 Quebec St & 801 Main St and 898 Main St (Northeast False Creek Sub-area 6D),Rezoning,rezoning_strata,On Hold,49.2774200000027,-123.100215687141,https://www.shapeyourcity.ca/800-quebec-st-801-main-st-and-898-main-st
RZ086,4459 Rupert St (DP-2017-00218),Approved,approved_market,"Approved Jun. 5, 2018",49.244909,-123.034192,https://wayback.archive-it.org/8849/20211021203356/https://rezoning.vancouver.ca/applications/4459rupert/index.htm
RZ112,2109 W 35th Ave,Approved,approved_market,"Approved Jul. 10, 2018",49.240514,-123.15559,https://wayback.archive-it.org/8849/20211021194840/https://rezoning.vancouver.ca/applications/2109w35ave/index.htm
RZ123,7807 Cambie St,Approved,approved_strata,"Approved Jul. 12, 2016",49.213916,-123.117495,https://wayback.archive-it.org/8849/20211021200219/https://rezoning.vancouver.ca/applications/7807cambie/index.htm
RZ125,3212 E Boulevard,Approved,approved_strata,"Approved Jul. 19, 2012",49.257083,-123.152114,https://wayback.archive-it.org/8849/20211021200934/https://rezoning.vancouver.ca/applications/3212eblvd/index.htm
RZ139,4575 Granville St,Approved,approved_market,"Approved Oct. 14, 2021",49.2445403247447,-123.139631085037,https://www.shapeyourcity.ca/4575-granville-st
RZ142,708-796 Renfrew St,Approved,approved_market,"Approved June 11, 2019",49.2779840621313,-123.043841,https://wayback.archive-it.org/8849/20211021203150/https://rezoning.vancouver.ca/applications/708renfrew/index.htm
RZ146,441-463 W 59th Ave,Approved,approved_strata,"Approved Feb 26, 2019",49.217169,-123.114918,https://wayback.archive-it.org/8849/20211021195417/https://rezoning.vancouver.ca/applications/441-463w59th/index.htm
RZ166,485 W 35th Ave,Approved,approved_strata,"Approved Sept 10, 2019",49.2394801008478,-123.116465572217,https://wayback.archive-it.org/8849/20211021194815/https://rezoning.vancouver.ca/applications/485w35thave/index.htm
RZ185,1290 Hornby St,Approved,approved_strata,"Approved July 7, 2022",49.277615,-123.128953,https://www.shapeyourcity.ca/1290-hornby-st
RZ186,1450 W Georgia St,Approved,approved_market,"Approved Oct 12, 2021",49.2893045388918,-123.129407945235,https://www.shapeyourcity.ca/1450-w-georgia-st
RZ186,1450 W Georgia St,Approved,approved_strata,"Approved Oct 12, 2021",49.2893075388918,-123.129410945235,https://www.shapeyourcity.ca/1450-w-georgia-st
RZ195,1940 Main St,Approved,approved_strata,"Approved Dec 11, 2019",49.2676054409689,-123.100202785667,https://wayback.archive-it.org/8849/20211021201727/https://rezoning.vancouver.ca/applications/1940mainst/index.htm
RZ196,620-644 W King Edward Ave,Approved,approved_strata,"Approved November 5, 2019",49.2487740328563,-123.118896620497,https://wayback.archive-it.org/8849/20211021201451/https://rezoning.vancouver.ca/applications/620wkingedwardave/index.htm
RZ202,1157 Burrard St,Approved,approved_strata,"Approved Oct 19, 2021",49.2796107583068,-123.129194818649,https://www.shapeyourcity.ca/1157-burrard-st
RZ204,1608-1616 West Georgia St & 1667 Alberni St,Rezoning,rezoning_strata,Application inactive,49.2906978975137,-123.131445892765,https://www.shapeyourcity.ca/1608-1616-w-georgia-st-and-1667-alberni-st
RZ213,2336-2366 Charles St,Approved,approved_strata,"Approved Sept 15, 2020",49.2726834,-123.056867,https://wayback.archive-it.org/8849/20211021200700/https://rezoning.vancouver.ca/applications/2336-2366charles/index.htm
RZ214,560 Raymur Ave,Rezoning,rezoning_strata,Application inactive,49.2794730476105,-123.082481870565,https://www.shapeyourcity.ca/560-raymur-ave
RZ215,1220-1298 E Hastings St,Rezoning,rezoning_strata,Application inactive,49.2810321823043,-123.07777545092,https://www.shapeyourcity.ca/1220-1298-e-hastings-st
RZ215,1220-1298 E Hastings St,Rezoning,rezoning_non_market,Application inactive,49.2810291823043,-123.07777245092,https://www.shapeyourcity.ca/1220-1298-e-hastings-st
RZ221,5507-5521 Columbia Street (Townhouses),Approved,approved_strata,"Approved Sept 12, 2019",49.2354459763448,-123.110984495808,https://wayback.archive-it.org/8849/20211021205600/https://rezoning.vancouver.ca/applications/5507-5521columbiast/index.htm
RZ229,187-195 West 41st Ave,Approved,approved_strata,"Approved June 23, 2020",49.233548622662,-123.110424471814,https://wayback.archive-it.org/8849/20211021195053/https://rezoning.vancouver.ca/applications/187-195w41stave/index.htm
RZ231,100 West 49th Avenue,Approved,approved_office,"Approved March 11, 2021",49.2244705593527,-123.108253975174,https://www.shapeyourcity.ca/100-w-49-ave
RZ236,486 West 26th Ave,Approved,approved_strata,"Approved June 25, 2020",49.2477735352513,-123.114820414444,https://wayback.archive-it.org/8849/20211021194649/https://rezoning.vancouver.ca/applications/486w26thave/index.htm
RZ237,4338-4362 Cambie St,Approved,approved_strata,"Approved February 25, 2020",49.2465653244286,-123.114917340244,https://wayback.archive-it.org/8849/20211021195856/https://rezoning.vancouver.ca/applications/4338-4362cambiest/index.htm
RZ239,615-623 West 31st Avenue (Townhouses),Approved,approved_strata,"Approved November 5, 2019",49.2435413102939,-123.118938185997,https://wayback.archive-it.org/8849/20211021203913/https://rezoning.vancouver.ca/applications/615-623w31stave/index.htm
RZ240,2092 Nanton Ave and 4330-4408 Arbutus St,Approved,approved_office,"Approved December 14, 2023",49.2470079888568,-123.152910733029,https://www.shapeyourcity.ca/2092-nanton-ave-and-4330-4408-arbutus-st
RZ241,3747-3761 Renfrew St,Approved,approved_market,"Approved September 12, 2023",49.251061860857,-123.044711643341,https://www.shapeyourcity.ca/3747-3761-renfrew-st
RZ242,109 E 40th Ave,Approved,approved_market,"Approved June 29, 2023",49.2349483923471,-123.103173173872,https://www.shapeyourcity.ca/109-e-40-ave
RZ243,7843-7845 Cambie St,Approved,approved_strata,"Approved June 23, 2020",49.2136827705725,-123.117514515242,https://wayback.archive-it.org/8849/20211021200512/https://rezoning.vancouver.ca/applications/7843cambiest/index.htm
RZ243,1890 SW Marine Dr,Approved,approved_market,"Approved January 23, 2024",49.2109011113301,-123.151193030958,https://www.shapeyourcity.ca/1890-sw-marine-dr
RZ245,5526-5592 Granville St and 1498 W 39th Ave,Approved,approved_market,"Approved July 11, 2023",49.235930204501,-123.139171553097,https://www.shapeyourcity.ca/5526-5592-granville-st-and-1498-w-39-ave
RZ247,526-528 West 37th Ave,Approved,approved_strata,"Approved July 21, 2020",49.2370872,-123.1166536,https://wayback.archive-it.org/8849/20211021194904/https://rezoning.vancouver.ca/applications/526-528w37thave/index.htm
RZ247,6095 Fraser St,Approved,approved_market,"Approved February 29, 2024",49.2294365970164,-123.091061732518,https://www.shapeyourcity.ca/6095-fraser-st
RZ248,2015 Main St and 190 E 4th Ave,Approved,approved_market,"Approved January 23, 2024",49.2669174324719,-123.101224819342,https://www.shapeyourcity.ca/2015-main-st
RZ251,3539 Hull St,Approved,approved_market,"Approved July 11, 2023",49.2530192132075,-123.064416423889,https://www.shapeyourcity.ca/3539-hull-st
RZ253,5650-5690 Blenheim St,Approved,approved_market,"Approved July 11, 2023",49.2349931114202,-123.178334504588,https://www.shapeyourcity.ca/5650-5690-blenheim-st
RZ254,949 West 41st Ave & 5469-5507 Willow St (Oakridge Transit Centre),Approved,approved_market,"Approved Dec 8, 2020",49.2355921707792,-123.126043317959,https://wayback.archive-it.org/8849/20211021195119/https://rezoning.vancouver.ca/applications/949w41stave/index.htm
RZ254,4906-4958 Main St,Approved,approved_market,"Approved July 9, 2024",49.240018556549,-123.101184597426,https://www.shapeyourcity.ca/4906-4958-main-st
RZ255,2231-2247 E 41st Ave,Approved,approved_market,"Approved December 14, 2023",49.2331353023832,-123.060758871079,https://www.shapeyourcity.ca/2231-2247-e-41-ave
RZ259,5250-5270 Ash St & 595 W 37th Ave,Approved,approved_non_market,"Approved February 27, 2024",49.2376296124904,-123.117355963147,https://www.shapeyourcity.ca/5250-5270-ash-st-and-595-w-37-ave
RZ260,5392-5472 Manson St,Approved,approved_strata,"Approved February 27, 2024",49.2358500551717,-123.118980907074,https://www.shapeyourcity.ca/5392-5472-manson-st
RZ260,1001 Kingsway,Rezoning,rezoning_non_market,Application inactive,49.2541130232376,-123.083522998277,https://www.shapeyourcity.ca/1001-kingsway
RZ261,6081-6083 Collingwood Pl,Approved,approved_market,"Approved October 17, 2023",49.2314717012657,-123.184927967885,https://www.shapeyourcity.ca/6081-6083-collingwood-place
RZ262,4711-4787 Cambie St,Approved,approved_strata,"Approved December 12, 2023",49.2423883645848,-123.119014944398,https://www.shapeyourcity.ca/4711-4787-cambie-st
RZ263,4721 Oak St,Approved,approved_strata,"Approved October 17, 2023",49.2432211973849,-123.128151604725,https://www.shapeyourcity.ca/4721-oak-st
RZ264,2005-2045 W 49th Ave,Approved,approved_market,"Approved October 17, 2023",49.2273837516906,-123.153387613717,https://www.shapeyourcity.ca/2005-2045-w-49-ave
RZ265,2596-2660 E 41st Ave,Approved,approved_market,"Approved July 11, 2023",49.2325625490412,-123.052578855866,https://www.shapeyourcity.ca/2596-2660-e-41-ave
RZ266,2560-2580 Trafalgar St,Approved,approved_market,"Approved September 28, 2023",49.2632279911983,-123.164436649715,https://www.shapeyourcity.ca/2560-2580-trafalgar-st
RZ270,5812-5844 Cambie St,Approved,approved_strata,"Approved Nov 18, 2021",49.2320561175229,-123.115800938817,https://www.shapeyourcity.ca/5812-5844-cambie-st
RZ270,692 W 30th Ave,Approved,approved_strata,"Approved December 12, 2023",49.2440775,-123.1202552,https://www.shapeyourcity.ca/692-w-30-ave
RZ271,8655 Granville St,Approved,approved_strata,"Approved, May 18, 2021",49.207762352013,-123.140944259905,https://www.shapeyourcity.ca/8655-granville-st
RZ271,540 W 65th Ave and 8120-8168 Lord St,Approved,approved_market,"Approved December 12, 2023",49.2113005,-123.1182534,https://www.shapeyourcity.ca/540-w-65-ave-and-8120-8168-lord-st
RZ272,8257-8273 Oak St and 1025-1035 West 67th Ave,Approved,approved_strata,"Approved, May 18, 2021",49.2110836552085,-123.13052017203,https://www.shapeyourcity.ca/8257-oak-st
RZ275,1055 Harwood St,Approved,approved_market,"Approved January 23, 2024",49.2788085941152,-123.132438725128,https://www.shapeyourcity.ca/1055-harwood-st
RZ276,5515-5525 Elizabeth St,Approved,approved_strata,"Approved November 14, 2023",49.2351633282168,-123.112380278854,https://www.shapeyourcity.ca/5515-5525-elizabeth-st
RZ277,1510 W 71st Ave and 8733 Granville St,Approved,approved_market,"Approved November 14, 2023",49.2068678354896,-123.141075594628,https://www.shapeyourcity.ca/1510-w-71-ave-and-8733-granville-st
RZ278,130 W Broadway,Approved,approved_market,"Approved May 30, 2024",49.2628056512048,-123.108402032971,https://www.shapeyourcity.ca/130-w-broadway
RZ282,418-496 Alexander St,Approved,approved_non_market,"Approved July 5, 2022",49.2837422462711,-123.09355811408,https://www.shapeyourcity.ca/450-alexander-st
RZ282,6470 Larch St,Approved,approved_market,"Approved December 14, 2023",49.2275688250134,-123.162795041679,https://www.shapeyourcity.ca/6470-larch-st
RZ285,3084-3086 W 4th Ave and 2010-2032 Balaclava St,Approved,approved_moderate,"Approved Mar 4, 2021",49.2681584489807,-123.173483111069,https://www.shapeyourcity.ca/3084-w-4-ave-and-2010-balaclava-st
RZ285,800-876 Granville St,Approved,approved_office,"Approved February 10, 2026",49.2807888450766,-123.120190241963,https://www.shapeyourcity.ca/800-876-granville-st
RZ285,3084-3086 W 4th Ave and 2010-2032 Balaclava St,Approved,approved_market,"Approved Mar 4, 2021",49.2681614489807,-123.173486111069,https://www.shapeyourcity.ca/3084-w-4-ave-and-2010-balaclava-st
RZ286,516-534 W Pender & 509 Richards St,Approved,approved_office,"Approved October 23, 2025",49.2835452429685,-123.113669434719,https://www.shapeyourcity.ca/516-534-w-pender-st-and-509-richards-st
RZ287,5910-5998 Cambie St,Approved,approved_strata,"Approved March 9, 2021",49.2314402734454,-123.115798421701,https://www.shapeyourcity.ca/5910-5998-cambie-st
RZ290,5490 Ash St,Approved,approved_strata,"Approved April 9, 2024",49.2357069360147,-123.117408915258,https://www.shapeyourcity.ca/5490-ash-st
RZ292,2108 & 2408 Cassiar St,Approved,approved_non_market,"Approved March 12, 2024",49.2644121126615,-123.030261903228,https://www.shapeyourcity.ca/2108-and-2408-cassiar-st
RZ292,7730-7772 Cambie St,Approved,approved_strata,"Approved June 17, 2021",49.2146979755802,-123.116498300833,https://www.shapeyourcity.ca/7730-7772-cambie-st
RZ295,255-285 SW Marine Dr,Approved,approved_strata,"Approved April 9, 2024",49.2119134959723,-123.111869132334,https://www.shapeyourcity.ca/255-285-sw-marine-dr
RZ296,1365 W 12th Ave,Approved,approved_market,"Approved December 10, 2024",49.2610067885426,-123.135437787238,https://www.shapeyourcity.ca/1365-w-12-ave
RZ301,2928-2930 Renfrew St,Approved,approved_non_market,"Approved February 29, 2024",49.2577947891638,-123.043856839933,https://www.shapeyourcity.ca/2930-renfrew-st
RZ302,618 W 32nd Ave,Approved,approved_strata,"Approved July 13, 2023",49.2419625206826,-123.118921741194,https://www.shapeyourcity.ca/618-w32-ave
RZ304,4489 Oak St,Approved,approved_strata,"Approved October 22, 2024",49.2455584,-123.1281026,https://www.shapeyourcity.ca/4489-oak-st
RZ305,4708-4742 Joyce St,Approved,approved_market,"Approved September 24, 2024",49.2423109944877,-123.027633585926,https://www.shapeyourcity.ca/4708-4742-joyce-st
RZ306,8815-8827 Selkirk St,Approved,approved_market,"Approved May 30, 2024",49.2054154899882,-123.133663746967,https://www.shapeyourcity.ca/8815-8827-selkirk-st-2
RZ307,1063-1075 Barclay St,Approved,approved_market,"Approved January 17, 2023",49.2830901177643,-123.126308112273,https://www.shapeyourcity.ca/1063-1075-barclay-st
RZ307,1063-1075 Barclay St,Approved,approved_non_market,"Approved January 17, 2023",49.2830871177643,-123.126305112273,https://www.shapeyourcity.ca/1063-1075-barclay-st
RZ309,4426-4464 Knight Street + 1406 E 28th Avenue,Approved,approved_strata,"Approved September 21, 2021",49.2451439712732,-123.075953395962,https://www.shapeyourcity.ca/4426-4464-knight-st-and-1406-e-28-ave
RZ309,4426-4464 Knight Street + 1406 E 28th Avenue,Approved,approved_market,"Approved September 21, 2021",49.2451409712732,-123.075950395962,https://www.shapeyourcity.ca/4426-4464-knight-st-and-1406-e-28-ave
RZ309,7051 Ash Cr (Langara Gardens),Approved,approved_market,"Approved February 12, 2026",49.2211800217216,-123.119646273153,https://www.shapeyourcity.ca/7051-ash-cr
RZ310,5212 Granville St,Approved,approved_market,"Approved October 22, 2024",49.2388183049388,-123.1389207,https://www.shapeyourcity.ca/5212-granville-st
RZ311,485 W 28th Ave,Approved,approved_strata,"Approved April 13, 2021",49.2462942020766,-123.114838244847,https://www.shapeyourcity.ca/485-w-28-ave
RZ312,5412 Cambie St,Approved,approved_strata,"Approved June 17, 2021",49.2361246786598,-123.115589405428,https://www.shapeyourcity.ca/5412-cambie-st
RZ315,4569 Oak St,Approved,approved_strata,"Approved July 25, 2024",49.2448922699095,-123.128112276065,https://www.shapeyourcity.ca/4569-oak-st
RZ317,1167-1193 Granville St,Approved,approved_office,"Approved January 15, 2026",49.2775649898306,-123.126172389795,https://www.shapeyourcity.ca/1167-1193-granville-st
RZ321,2535 Carolina St,Approved,approved_market,"Approved February 27, 2025",49.2618870075063,-123.091327128835,https://www.shapeyourcity.ca/2535-carolina-st-and-557-569-e-10th-ave
RZ322,800 Commercial Dr,Approved,approved_non_market,"Approved July 25, 2024",49.2772800634046,-123.070159878809,https://www.shapeyourcity.ca/800-commercial-dr
RZ324,1885 E Pender St,Approved,approved_non_market,"Approved May 18, 2021",49.2804867448143,-123.066240295579,https://www.shapeyourcity.ca/1885-e-pender-st
RZ324,3983-3991 W 10th Ave,Approved,approved_market,"Approved November 12, 2024",49.2638310912594,-123.193129610765,https://www.shapeyourcity.ca/3983-3991-w-10th-ave
RZ325,2156-2172 W 14th Ave,Approved,approved_market,"Approved November 26, 2024",49.2589797803267,-123.1545893701,https://www.shapeyourcity.ca/2156-2172-w-14-ave
RZ326,975 W 57th Ave,Approved,approved_strata,"Approved September 24, 2024",49.2201207298208,-123.127779613137,https://www.shapeyourcity.ca/975-w-57-ave
RZ328,2219-2285 Cambie St,Approved,approved_office,"Approved March 5, 2026",49.2653766752449,-123.115174454547,https://www.shapeyourcity.ca/2219-2285-cambie-st-3
RZ329,4545 W 10th Ave,Approved,approved_market,"Approved March 11, 2025",49.2641034975363,-123.210006600187,https://www.shapeyourcity.ca/4545-w-10th-ave
RZ329,526 Granville St,Approved,approved_office,"Approved June 23, 2022",49.2841963811725,-123.115394305198,https://www.shapeyourcity.ca/526-granville-st
RZ330,1551-1581 W 7th Ave,Approved,approved_office,"Approved May 7, 2025",49.265593197642,-123.140053800169,https://www.shapeyourcity.ca/1551-1581-w-7th-ave
RZ331&#xA;,998 E 19th Ave,Approved,approved_non_market,"Approved July 25, 2024",49.2534303126528,-123.084177230652,https://www.shapeyourcity.ca/998-e-19-ave
RZ332,7525 Cambie St,Approved,approved_strata,"Approved May 7, 2024",49.2166910155482,-123.117427774004,https://www.shapeyourcity.ca/7525-cambie-st
RZ332&#xA;,2520-2532 W 16th Ave and 3223 Larch St,Approved,approved_market,"Approved January 21, 2025",49.2571898319305,-123.163142905947,https://www.shapeyourcity.ca/2520-2532-w-16-ave-and-3223-larch-st
RZ334,25-55 E 12th Ave,Rezoning,rezoning_market,Application in Process,49.2605052118,-123.104170797419,https://www.shapeyourcity.ca/25-55-e-12-ave
RZ335,4-36 W 3rd Ave and 5 W 4th Ave,Approved,approved_office,"Approved May 20, 2025",49.2677047957834,-123.105190908817,https://www.shapeyourcity.ca/4-36-w-3-ave-and-5-w-4-ave-3
RZ338,215-229 E 13th Ave,Approved,approved_market,"Approved December 4, 2025",49.2595469851966,-123.100181101882,https://www.shapeyourcity.ca/215-229-e-13-ave
RZ338,2735 E 41st Ave,Approved,approved_market,"Approved November 23, 2021",49.233102872639,-123.050581184696,https://www.shapeyourcity.ca/2735-e-41-ave
RZ339,4310 Slocan St,Approved,approved_market,"Approved June 14, 2022",49.2461543227859,-123.049277536265,https://www.shapeyourcity.ca/2735-e-41-ave
RZ341,816-860 W 13th Ave and 2915-2925 Willow St,Approved,approved_market,"Approved April 23, 2025",49.2593319,-123.1226621,https://www.shapeyourcity.ca/816-860-w-13-ave-and-2915-2925-willow-st
RZ341,534-550 Cambie St,Approved,approved_office,"Approved December 7, 2021",49.2809736787014,-123.110259328093,https://www.shapeyourcity.ca/534-550-cambie-st
RZ344,1190 W 10th Ave,Approved,approved_market,"Approved January 23, 2025",49.262348,-123.1309951,https://www.shapeyourcity.ca/1190-w-10th-ave
RZ345,4471-4485 Fraser St and 691 E 29th Ave,Approved,approved_market,"Approved March 11, 2025",49.2448072471898,-123.090631241303,https://www.shapeyourcity.ca/4471-4485-fraser-st-and-691-e-29-ave
RZ350,2001-2037 W 41st Ave,Approved,approved_market,"Approved July 13, 2023",49.2347820450162,-123.152709401344,https://www.shapeyourcity.ca/2001-2037-w-41-ave
RZ351,1369-1381 Kingsway,Approved,approved_market,"Approved January 18, 2022",49.2508416771719,-123.076633411247,https://www.shapeyourcity.ca/1369-1381-kingsway
RZ354,57 Lakewood Dr,Rezoning,rezoning_market,Application inactive,49.2845552416352,-123.062069592026,https://www.shapeyourcity.ca/57-lakewood-dr
RZ360,8804 Osler St,Approved,approved_strata,"Approved December 7, 2021",49.2053980283613,-123.131358395203,https://www.shapeyourcity.ca/8804-osler-st
RZ363,901 W Broadway,Approved,approved_office,"Approved July 12, 2022",49.2635798393797,-123.124504403228,https://www.shapeyourcity.ca/901-w-broadway
RZ366,809 W 41st Ave,Approved,approved_market,"Approved June 21, 2022",49.2341481079161,-123.124234830214,https://www.shapeyourcity.ca/809-w-41-ave
RZ371,1066-1078 Harwood St,Approved,approved_market,"Approved June 21, 2022",49.2786203610616,-123.133390075368,https://www.shapeyourcity.ca/1066-1078-harwood-st
RZ371,1066-1078 Harwood St,Approved,approved_non_market,"Approved June 21, 2022",49.2786173610616,-123.133387075368,https://www.shapeyourcity.ca/1066-1078-harwood-st
RZ391,418-496 Alexander St,Approved,approved_non_market,"Approved July 5, 2022",49.2838129914766,-123.094263345911,https://www.shapeyourcity.ca/450-alexander-st
RZ393,118-150 Robson St,Approved,approved_office,"Approved January 25, 2022",49.277738654351,-123.114800479475,https://www.shapeyourcity.ca/118-150-robson-st
RZ396,1395 W Broadway,Rezoning,rezoning_office,Application in Process,49.2641010656963,-123.135661321978,https://www.shapeyourcity.ca/1395-w-broadway
RZ397,8029-8225 Oak St & 1012 W 64th Ave,Approved,approved_strata,"Approved February 16, 2023",49.2123283634022,-123.130522213575,https://www.shapeyourcity.ca/8029-8225-oak-st-1012-w-64-ave
RZ399,7969-7989 Cambie St,Approved,approved_non_market,"Approved May 17, 2022",49.2126444458116,-123.117539547383,https://www.shapeyourcity.ca/7969-7989-cambie-st
RZ400,323 Alexander St,Rezoning,rezoning_non_market,Application on hold,49.2843078457852,-123.096867067798,https://www.shapeyourcity.ca/323-alexander-st
RZ401,2970 Kingsway,Approved,approved_market,"Approved June 28, 2022",49.2358124005554,-123.043295061963,https://www.shapeyourcity.ca/2970-kingsway
RZ405,855-865 W 10th Ave,Approved,approved_office,"Approved May 9, 2023",49.2626750211901,-123.123152107944,https://www.shapeyourcity.ca/855-865-w-10-ave
RZ408,2062-2092 E Broadway,Approved,approved_strata,"Approved July 12, 2022",49.2620336549194,-123.062531001788,https://www.shapeyourcity.ca/2062-2092-e-broadway
RZ409,396 SW Marine Dr,Approved,approved_office,"Approved Feb 16, 2023",49.2106468913616,-123.114401481008,https://www.shapeyourcity.ca/396-sw-marine-dr
RZ413,5589-5661 Baillie St,Approved,approved_market,"Approved July 7, 2022",49.2347084062805,-123.122745365603,https://www.shapeyourcity.ca/5589-5661-baillie-st
RZ420,5455 Balsam St,Approved,approved_market,"Approved July 23, 2024",49.2372158956482,-123.161623428748,https://www.shapeyourcity.ca/5455-balsam-st
RZ422,500-650 W 57th Ave,Approved,approved_strata,"Approved June 23, 2022",49.2185491640531,-123.118164904795,https://www.shapeyourcity.ca/500-650-w-57-ave
RZ422,500-650 W 57th Ave,Approved,approved_market,"Approved June 23, 2022",49.2185461640531,-123.118161904795,https://www.shapeyourcity.ca/500-650-w-57-ave
RZ424,103-111 Templeton Dr and 2185 Oxford St,Approved,approved_market,"Approved Mar 9, 2023",49.285976086947,-123.060145192297,https://www.shapeyourcity.ca/103-111-templeton-dr-and-2185-oxford-st
RZ429,5229-5249 Ash St,Rezoning,rezoning_strata,Withdrawn,49.2376589066391,-123.118102408761,https://www.shapeyourcity.ca/5229-5249-ash-st
RZ430,877-887 W 28th Ave,Approved,approved_market,"Approved March 1, 2022",49.2464668170338,-123.124164760069,https://www.shapeyourcity.ca/877-887-w-28-ave
RZ432,5079-5161 Ash St,Approved,approved_strata,"Approved June 29, 2023",49.2387804998299,-123.118750535704,https://www.shapeyourcity.ca/5079-5161-ash-st
RZ434,4261 Cambie St and 503 27th Ave,Approved,approved_strata,"Approved June, 29, 2023",49.247336342647,-123.116210889108,https://www.shapeyourcity.ca/4261-cambie-st-and-503-w-27th-ave
RZ435,1002-1052 Seymour St and 550 Nelson St,Approved,approved_office,"Approved February 27, 2024",49.2783205662064,-123.121993883163,https://www.shapeyourcity.ca/1002-1052-seymour-st-and-550-nelson-st
RZ439,807-847 E 33rd Ave,Approved,approved_market,"Approved Feb 16, 2023",49.2404913999887,-123.087540986783,https://www.shapeyourcity.ca/807-847-e-33-ave
RZ443,156-180 W 2nd Ave,Approved,approved_office,"Approved June 28, 2022",49.2690701,-123.1080994,https://www.shapeyourcity.ca/156-180-w-2nd-ave
RZ445,7929-7949 Cambie St,Approved,approved_strata,"Approved January 25, 2022",49.2128719559281,-123.117514200585,https://www.shapeyourcity.ca/7929-7949-cambie-st
RZ447,1045 Burnaby St,Approved,approved_market,"Approved April 27, 2023",49.2794301,-123.1313451,https://www.shapeyourcity.ca/1045-burnaby-st
RZ450,7688-7720 Cambie St,Approved,approved_strata,"Approved Mar 9, 2023",49.2152323,-123.1163726,https://www.shapeyourcity.ca/7688-7720-cambie-st
RZ453,5025 Arbutus,Approved,approved_market,"Approved April 27, 2023",49.2409707,-123.1550477,https://www.shapeyourcity.ca/5025-arbutus-st
RZ456,6333-6369 Yukon St,Approved,approved_strata,"Approved September 28, 2023",49.2275388128358,-123.1150335288,https://www.shapeyourcity.ca/6333-6369-yukon-st
RZ457,691 W 28th Ave,Approved,approved_strata,"Approved Feb 16, 2023",49.2464465933414,-123.12024570309,https://www.shapeyourcity.ca/691-w-28-ave
RZ461,475 W 27th Ave,Rezoning,rezoning_strata,Application in Process,49.2472503,-123.1142608,https://www.shapeyourcity.ca/475-w-27-ave
RZ462,1245-1265 W 10th Ave,Approved,approved_market,"Approved January 23, 2025",49.2628241000002,-123.132469664418,https://www.shapeyourcity.ca/1245-1265-w-10-ave
RZ463,2950 Prince Edward,Approved,approved_market,"Approved March 13, 2025",49.25875,-123.09556,https://www.shapeyourcity.ca/2950-prince-edward-st
RZ464,210-220 W 6th Ave and 2224 Alberta St,Approved,approved_office,"Approved February 27, 2025",49.2654279864598,-123.110046359094,https://www.shapeyourcity.ca/210-220-w-6-ave-and-2224-alberta-st
RZ465,1045 W 14th Ave,Approved,approved_market,"Approved March 13, 2025",49.2589987174044,-123.127765144579,https://www.shapeyourcity.ca/1045-w-14-ave
RZ466,1665-1685 W 11th Ave,Approved,approved_market,"Approved June 25, 2025",49.262012163221,-123.142608219104,https://www.shapeyourcity.ca/1665-1685-w-11-ave
RZ467,1780 E Broadway,Approved,approved_market,"Approved June 10, 2025",49.2619323,-123.0686886,https://www.shapeyourcity.ca/1780-e-broadway-rz
RZ468,43-95 E 3rd Ave,Approved,approved_office,"Approved February 27, 2025",49.2685152745079,-123.103308146535,https://www.shapeyourcity.ca/43-95-e-3-ave
RZ469,270 E 13th Ave,Approved,approved_market,"Approved February 25, 2025",49.2590775,-123.0988073,https://www.shapeyourcity.ca/270-e-13-ave
RZ469,950 W 41st Ave (Jewish Community Centre),Approved,approved_market,"Approved July 16, 2026",49.2337102159024,-123.12674245767,https://www.shapeyourcity.ca/950-w-41-ave-3
RZ470,"3552, 3612, 3650 E Kent Ave S, 3680 Marine Way and 8655 Boundary Rd",Rezoning,rezoning_non_market,Application in Process,49.2040464576466,-123.027938057254,https://www.shapeyourcity.ca/3552-3650-e-kent-ave-s-boundary-rd-marine-way
RZ470,1030-1056 Burnaby St,Approved,approved_market,"Approved June 2, 2026",49.2790109731373,-123.13145545767,https://www.shapeyourcity.ca/1030-1056-burnaby-st
RZ470,"3552, 3612, 3650 E Kent Ave S, 3680 Marine Way and 8655 Boundary Rd",Rezoning,rezoning_market,Application in Process,49.2040494576466,-123.027941057254,https://www.shapeyourcity.ca/3552-3650-e-kent-ave-s-boundary-rd-marine-way
RZ471,1827 West 5th Ave,Approved,approved_market,"Approved June 2, 2026",49.2677130343621,-123.146199169316,https://www.shapeyourcity.ca/1827-w-5-ave
RZ472,1676 W 11th Ave,Approved,approved_market,"Approved October 21, 2025",49.2615482,-123.1427306,https://www.shapeyourcity.ca/1676-w-11-ave
RZ474,626 W 32nd Ave,Approved,approved_strata,"Approved January 21, 2025",49.2419660404667,-123.119462357672,https://www.shapeyourcity.ca/626-w-32-ave
RZ475,1188 Cardero St,Approved,approved_market,"Approved June 2, 2026",49.2853055884223,-123.138108557672,https://www.shapeyourcity.ca/1188-cardero-st-1
RZ476,5889-5925 Dunbar St,Approved,approved_market,"Approved January 21, 2025",49.2330011317133,-123.185739928836,https://www.shapeyourcity.ca/5889-5925-dunbar-st
RZ477,461-479 E 16th Ave,Approved,approved_market,"Approved May 7, 2025 (Reconvened from April 17, 2025 and April 23, 2025)",49.2567418150744,-123.094845657672,https://www.shapeyourcity.ca/461-479-e-16-ave
RZ478,2267-2275 W 7th Ave,Approved,approved_market,"Approved June 25, 2025",49.265896,-123.156643,https://www.shapeyourcity.ca/2267-2275-w-7th-ave
RZ479,1171 W 12th Ave,Approved,approved_market,"Approved February 27, 2025",49.260885,-123.1307116,https://www.shapeyourcity.ca/1171-w-12-ave
RZ480,1540 W 10th Ave,Rezoning,rezoning_market,Application in Process,49.2624213,-123.1396066,https://www.shapeyourcity.ca/1540-w-10-ave
RZ481,2158-2170 W 1st Ave,Approved,approved_market,"Approved June 24, 2025",49.27052570734,-123.154342117014,https://www.shapeyourcity.ca/2158-2170-w-1-ave
RZ482,2225 W 8th Ave,Approved,approved_market,"Approved April 17, 2025",49.2650285,-123.1560421,https://www.shapeyourcity.ca/2225-w-8-ave
RZ483,1855 W 2nd Ave,Approved,approved_market,"Approved July 8, 2025",49.2700500015272,-123.146772373016,https://www.shapeyourcity.ca/1855-w-2-ave
RZ484,2226 W 8th Ave and 2415-2421 Yew St,Rezoning,rezoning_market,Application in Process,49.2645991,-123.1558644,https://www.shapeyourcity.ca/2226-w-8-ave-and-2415-2421-yew-st
RZ485,455-565 Great Northern Way & 1850 Thornton St,Approved,approved_market,"Approved June 2, 2026",49.267186,-123.094517,https://www.shapeyourcity.ca/455-565-great-northern-way-and-1850-thornton-st
RZ486,8366-8380 Beatrice St,Approved,approved_market,"Approved February 25, 2025",49.2088664598448,-123.067516237407,https://www.shapeyourcity.ca/8366-8380-beatrice-st
RZ487,1110-1160 W King Edward Ave,Approved,approved_non_market,"Approved June 19, 2025",49.248946636701,-123.130657635259,https://www.shapeyourcity.ca/1110-1160-w-king-edward-ave
RZ488,1770 W 12th Ave,Approved,approved_market,"Approved May 20, 2025",49.2606296055371,-123.1451891,https://www.shapeyourcity.ca/1770-w-12-ave
RZ489,45 E 16th Ave,Approved,approved_market,"Approved September 18, 2025",49.2569075083091,-123.10408845767,https://www.shapeyourcity.ca/45-e-16-ave
RZ490,2111 Main St,Approved,approved_market,"Approved March 13, 2025",49.2658907027476,-123.101474844177,https://www.shapeyourcity.ca/2111-main-st
RZ492,396 E 2nd Ave,Approved,approved_market,"Approved March 13, 2025",49.2661712,-123.0961275,https://www.shapeyourcity.ca/396-e-2-ave
RZ494,310 E 14th Ave,Approved,approved_market,"Approved April 14, 2026",49.2581249978009,-123.097998915344,https://www.shapeyourcity.ca/310-e-14-ave
RZ495,2180 W 6th Ave,Approved,approved_market,"Approved May 20, 2025",49.2662047005267,-123.154567871163,https://www.shapeyourcity.ca/2180-w-6-ave
RZ496,325 E 6th Ave,Approved,approved_strata,"Approved June 19, 2025",49.2656919005631,-123.0977727,https://www.shapeyourcity.ca/325-e-6-ave
RZ497,469-483 E 10th Ave,Approved,approved_market,"Approved June 17, 2025",49.261801491151,-123.093876082186,https://www.shapeyourcity.ca/469-483-e-10-ave
RZ498,320 E 2nd Ave,Approved,approved_strata,"Approved May 5, 2026",49.2673184968729,-123.097969814819,https://www.shapeyourcity.ca/320-e-2-ave
RZ499,1364 W 11th Ave,Approved,approved_market,"Approved May 20, 2025",49.2613846886551,-123.13533409242,https://www.shapeyourcity.ca/1364-w-11-ave
RZ500,1270-1290 W 11th Ave,Approved,approved_market,"Approved June 19, 2025",49.2613769250638,-123.133349272836,https://www.shapeyourcity.ca/1270-1290-w-11-ave
RZ501,254 E 12th Ave,Approved,approved_market,"Approved July 8, 2025",49.2599352511296,-123.099177586377,https://www.shapeyourcity.ca/254-e-12-ave
RZ502,1150 Barclay St,Rezoning,rezoning_market,Application in Process,49.2838522,-123.1286108,https://www.shapeyourcity.ca/1150-barclay-st
RZ503,1470-1476 W Broadway,Approved,approved_market,"Approved February 19, 2026",49.2633308836199,-123.13757052831,https://www.shapeyourcity.ca/1470-1476-w-broadway
RZ504,193-195 E 63rd Ave and 7869 Main St,Rezoning,rezoning_market,Application in Process,49.2135173320854,-123.102539554166,https://www.shapeyourcity.ca/193-195-e-63-ave
RZ505,124-148 E 6th Ave,Rezoning,rezoning_office,Application in Process,49.2656252521,-123.102245599999,https://www.shapeyourcity.ca/124-148-e-6-ave-2
RZ507,767-791 W 28th Ave,Approved,approved_strata,"Approved February 25, 2025",49.2465316,-123.1221562,https://www.shapeyourcity.ca/767-791-w-28-ave
RZ508,859-883 E 33rd Ave & 4895 St. Catherines St,Approved,approved_market,"Approved July 10, 2025",49.2405782542984,-123.086617905923,https://www.shapeyourcity.ca/859-883-e-33-ave-and-4895-st-catherines-st
RZ509,4910-4950 Willow St,Approved,approved_non_market,"Approved March 11, 2025",49.2408909588207,-123.123304028485,
RZ510,4001-4009 Knight St and 1348 E 24th Ave,Approved,approved_strata,"Approved July 10, 2025",49.2488032652517,-123.076806090319,https://www.shapeyourcity.ca/4001-4009-knight-st-and-1348-e-24-ave
RZ511,426-428 W 14th Ave and 3015-3027 Yukon St,Approved,approved_market,"Approved January 22, 2026",49.2584579277053,-123.113573800284,https://www.shapeyourcity.ca/426-428-w-14-ave-and-3015-3027-yukon-st
RZ512,1375-1395 W 14th Ave,Rezoning,rezoning_market,Application in Process,49.2591604054215,-123.135819004805,https://www.shapeyourcity.ca/1375-1395-w-14-ave
RZ514,1030-1070 E Hastings St,Rezoning,rezoning_market,Referred back to staff,49.2807027677158,-123.081693096723,https://www.shapeyourcity.ca/1030-1070-e-hastings-st
RZ515,1115-1127 E Hastings St,Rezoning,rezoning_market,Referred back to staff,49.2812154279475,-123.080922573288,https://www.shapeyourcity.ca/1115-1127-e-hastings-st
RZ516,1168-1180 E Hastings St,Rezoning,rezoning_market,Referred back to staff,49.2807526570986,-123.079691999596,https://www.shapeyourcity.ca/1168-1180-e-hastings-st
RZ519,1155 E 6th Ave,Rezoning,rezoning_office,Application in Process,49.265705924341,-123.080375708414,https://www.shapeyourcity.ca/1155-e-6-ave
RZ520,1527 Main St,Approved,approved_market,"Approved July 8, 2025",49.2718970324929,-123.100717311834,https://www.shapeyourcity.ca/1527-main-st
RZ521,282 W 49th Ave,Approved,approved_market,"Approved February 25, 2025",49.2255363577423,-123.112450746633,https://www.shapeyourcity.ca/282-w-49th-ave
RZ523,302-360 W 2nd Avenue,Approved,approved_market,"Approved January 27, 2026",49.2680573133829,-123.111313755389,https://www.shapeyourcity.ca/320-360-w-2-ave
RZ524,11-15 E 4th Ave,Approved,approved_office,"Approved October 21, 2025",49.2676524502292,-123.104344878693,https://www.shapeyourcity.ca/11-15-e-4-ave
RZ525,2268-2294 W 3rd Ave and 1902-1912 Vine St,Approved,approved_market,"Approved February 24, 2026",49.2688462466883,-123.156963001401,https://www.shapeyourcity.ca/2268-2294-w-3-ave-and-1902-1912-vine-st
RZ527,3295-3333 Commercial Dr,Approved,approved_market,"Approved March 5, 2026",49.2548905013293,-123.069483728836,https://www.shapeyourcity.ca/3295-3333-commercial-dr
RZ530,2120-2150 W 10th Ave,Approved,approved_strata,"Approved May 19, 2026",49.2626739965954,-123.153353610402,https://www.shapeyourcity.ca/2120-2150-w-10th-ave
RZ531,3320-3356 W 41st Ave and 5721 Blenheim St,Rezoning,rezoning_market,Application in Process,49.2346362025016,-123.179097286505,https://www.shapeyourcity.ca/3320-3356-w-41-ave-and-5721-blenheim
RZ532,1706-1738 Alberni St and 735 Bidwell St,Approved,approved_market,"Approved May 5, 2026",49.2912988429566,-123.133287697888,https://www.shapeyourcity.ca/1706-1738-alberni-st-and-735-bidwell-st
RZ533,2030-2038 Barclay St,Rezoning,rezoning_office,Referred back to staff,49.2921492337018,-123.141329454949,https://www.shapeyourcity.ca/2030-2038-barclay-st
RZ534,1059-1083 Nelson,Approved,approved_market,"Approved March 11, 2025",49.2823784591176,-123.127244640679,https://www.shapeyourcity.ca/1059-1083-nelson-st
RZ535,2929 Commercial Dr,Approved,approved_market,"Approved July 13, 2021",49.2584737611495,-123.070136850956,https://www.shapeyourcity.ca/2929-commercial-dr
RZ536,450 W Georgia St,Approved,approved_office,"Approved June 29, 2021",49.2808705184092,-123.116140155471,https://www.shapeyourcity.ca/450-w-georgia-st
RZ537,728-796 Main St and 205 Union St,Approved,approved_market,"Approved November 12, 2024",49.2781471420483,-123.099567804421,https://www.shapeyourcity.ca/205-union-st-and-728-796-main-st
RZ538,1088 W 12th Ave,Approved,approved_market,"Approved July 14, 2026",49.26034517,-123.1284266,https://www.shapeyourcity.ca/1088-w-12-ave
RZ539,1050 Expo Bvld,Approved,approved_market,"Approved July 13, 2023",49.2743379708803,-123.116221460458,https://www.shapeyourcity.ca/false-creek-north-non-market-housing
RZ540,450 Pacific St,Approved,approved_market,"Approved July 13, 2023",49.2731322535659,-123.12704862285,https://www.shapeyourcity.ca/false-creek-north-non-market-housing
RZ542,2260-2266 W 2nd Ave,Approved,approved_market,"Approved January 27, 2026",49.2698071084634,-123.156328025746,https://www.shapeyourcity.ca/2260-2266-w-2-ave
RZ543,414-420 W Pender St,Approved,approved_market,"Approved July 10, 2025",49.2828342278308,-123.112495722963,https://www.shapeyourcity.ca/414-420-w-pender-st
RZ544,4339-4387 Cambie St and 506 W 27th Ave,Approved,approved_strata,"Approved May 19, 2026",49.246717271582,-123.116235119352,https://www.shapeyourcity.ca/4339-4387-cambie-st-and-506-w-27-ave-2
RZ545,1110 W 10th Ave,Approved,approved_market,"Approved June 19, 2025",49.2622221934035,-123.12933853163,https://www.shapeyourcity.ca/1110-w-10-ave
RZ546,1401-1455 E 49th Ave & 6363 Lanark St,Approved,approved_market,"Approved November 13, 2025",49.2262508579487,-123.076557131543,https://www.shapeyourcity.ca/1401-1455-e-49th-ave
RZ548,441 E Pender St,Approved,approved_market,"Approved February 26, 2026",49.2804715931887,-123.094499890489,https://www.shapeyourcity.ca/441-e-pender-st
RZ549,2079-2085 W 5th Ave,Approved,approved_market,"Approved July 8, 2025",49.2674722941455,-123.152202408216,https://www.shapeyourcity.ca/2079-2085-w-5th-ave
RZ550,1550 W 11th Ave,Approved,approved_market,"Approved February 5, 2026",49.2615244878452,-123.139988422461,https://www.shapeyourcity.ca/1550-w-11-ave
RZ551,44 E 13th Ave,Rezoning,rezoning_market,Application in Process,49.2590873948455,-123.104082828835,https://www.shapeyourcity.ca/44-e-13-ave
RZ552,"1402-1460 Burrard St, 900 Pacific St and 1401-1451 Hornby St",Approved,approved_market,"Approved February 3, 2026",49.2762797113846,-123.132532033913,https://www.shapeyourcity.ca/1402-1460-burrard-st
RZ553,2090 W 1st Ave,Approved,approved_market,"Approved November 13, 2025",49.2704992713907,-123.152295202898,https://www.shapeyourcity.ca/2090-w-1-ave
RZ555,1055 Canada Pl,Approved,approved_office,"Approved April 14, 2026",49.2883891010476,-123.115552728835,https://www.shapeyourcity.ca/1055-canada-pl
RZ556,5238-5262 Granville St & 1495 W 37th Ave,Approved,approved_market,"Approved January 15, 2026",49.238431166397,-123.138959931542,https://www.shapeyourcity.ca/5238-5262-granville-st-and-1495-w-37th-ave
RZ557,1249-1263 W 41st Ave,Approved,approved_market,"Approved January 22, 2026",49.2344278278173,-123.13373615767,https://www.shapeyourcity.ca/1249-1263-w-41st-ave
RZ558,2244-2280 W 6th Ave,Approved,approved_market,"Approved May 19, 2026",49.2662296713938,-123.156007002706,https://www.shapeyourcity.ca/2244-2280-w-6-ave
RZ559,4967-5017 Main St,Approved,approved_market,"Approved February 5, 2026",49.239671111543,-123.101963986074,https://www.shapeyourcity.ca/4967-5017-main-st
RZ560,1220 Station St,Approved,approved_office,"Approved June 2, 2026",49.272970136633,-123.098017744255,https://www.shapeyourcity.ca/1220-station-st
RZ561,324 W 10th Ave,Approved,approved_market,"Approved February 12, 2026",49.2620361991777,-123.111612828835,https://www.shapeyourcity.ca/324-w-10th-ave
RZ562,6428-6438 Cambie St and 480-488 W 48th Ave,Approved,approved_market,"Approved January 13, 2026",49.2267525794508,-123.116001412064,https://www.shapeyourcity.ca/6428-6438-cambie-st-and-480-488-w-48-ave
RZ563,466-476 W 27th Ave,Approved,approved_market,"Approved July 14, 2026",49.2467677871328,-123.114140547981,https://www.shapeyourcity.ca/466-476-w-27-ave
RZ564,625-777 Pacific St,Approved,approved_market,"Approved Dec. 4, 2025",49.2748839996448,-123.128210000005,https://www.shapeyourcity.ca/675-pacific-st
RZ565,354-380 E 10th Ave,Approved,approved_market,"Approved May 5, 2026",49.2618592705549,-123.097022731849,https://www.shapeyourcity.ca/354-380-e-10-ave
RZ567,1065 W 12th Ave and 2772 Spruce St,Rezoning,rezoning_market,Application in Process,49.2609050491521,-123.128625257616,https://www.shapeyourcity.ca/1065-w-12-ave
RZ568,1305-1355 W 12th Ave,Approved,approved_market,"Approved April 14, 2026",49.2610522000685,-123.134444202854,https://www.shapeyourcity.ca/1305-1355-w-12th-ave
RZ569,375 E 1st Ave,Upcoming,upcoming_market,Council meeting July 14,49.2684520194283,-123.095533915341,https://www.shapeyourcity.ca/375-e-1st-ave
RZ570,453-461 E 10th Ave and 2536-2542 Guelph St,Approved,approved_market,"Approved February 17, 2026",49.2618090991616,-123.09450185767,https://www.shapeyourcity.ca/453-461-e10-ave-and-2536-2542-guelph-st
RZ571,2202-2212 E 10th Ave,Approved,approved_market,"Approved March 4, 2026",49.2627149953594,-123.15574645767,https://www.shapeyourcity.ca/2202-2212-w-10-ave
RZ572,1230 W 12th Ave,Approved,approved_market,"Approved June 2, 2026",49.2604336071348,-123.132277556871,https://www.shapeyourcity.ca/1230-w-12-ave
RZ573,5770-5790 Granville St,Approved,approved_market,"Approved Oct. 23, 2025",49.2335094242181,-123.139312569188,https://www.shapeyourcity.ca/5770-5790-granville-st
RZ574,8080 Yukon St,Approved,approved_market,"Approved February 5, 2026",49.2119790451574,-123.114068002461,https://www.shapeyourcity.ca/8080-yukon-st
RZ576,900-990 W 12th Ave,Approved,approved_office,"Approved January 15, 2026",49.2603051573982,-123.125562287362,https://www.shapeyourcity.ca/900-990-w-12-ave
RZ577,10 E 11th Ave,Approved,approved_market,"Approved February 5, 2026",49.2609576598721,-123.104649918878,https://www.shapeyourcity.ca/10-e-11-ave
RZ578,15-27 W Hastings St,Approved,approved_market,"Approved February 10, 2026",49.2819482017714,-123.105391728834,https://www.shapeyourcity.ca/15-27-w-hastings
RZ579,8-36 W Cordova St,Approved,approved_market,"Approved February 10, 2026",49.2824169344515,-123.105182744371,https://www.shapeyourcity.ca/8-36-cordova
RZ580,1405 Main St and 1510 Quebec St,Approved,approved_market,"Approved February 10, 2026",49.2723355721356,-123.100717660376,https://www.shapeyourcity.ca/1405-main-st-and-1510-quebec-st
RZ581,138 E 7th Ave,Approved,approved_office,"Approved February 3, 2026",49.2643668019721,-123.102045928835,https://www.shapeyourcity.ca/138-e-7-ave
RZ583,464-482 E 8th Ave and 2401 St. George St,Rezoning,rezoning_market,Application in Process,49.2632516022094,-123.093504828835,https://www.shapeyourcity.ca/464-482-e-8-ave
RZ584,2245-2283 W Broadway,Approved,approved_market,"Approved June 2, 2026",49.2641658006713,-123.156407028835,https://www.shapeyourcity.ca/2245-2283-w-broadway
RZ585,360 E 14th Ave,Approved,approved_market,"Approved June 2, 2026",49.2580574011047,-123.096953128835,https://www.shapeyourcity.ca/360-e-14-ave
RZ586,1010 W King Edward Ave,Rezoning,rezoning_strata,Application in Process,49.2489615912542,-123.128011628835,https://www.shapeyourcity.ca/1010-w-king-edward
RZ587,5635-5655 Cambie St and 511 W 41st Ave,Approved,approved_strata,"Approved May 5, 2026",49.2342279175953,-123.116640886508,https://www.shapeyourcity.ca/5635-5655-cambie-st-and-511-w-41-ave
RZ588,4338-4362 Cambie St,Rezoning,rezoning_market,Application in Process,49.2473833926074,-123.114919915341,https://www.shapeyourcity.ca/4338-4362-cambie-st-2
RZ589,1431 W Broadway,Rezoning,rezoning_strata,Application in Process,49.2639059006993,-123.136932809769,https://www.shapeyourcity.ca/1431-w-broadway
RZ590,1125 W 10th Ave,Approved,approved_market,"Approved January 22, 2026",49.2627610015423,-123.12990545767,https://www.shapeyourcity.ca/1125-w-10-ave
RZ590,807-815 Hornby St,Approved,approved_market,"Approved July 21, 2026",49.2825700512165,-123.122476714504,https://www.shapeyourcity.ca/807-815-hornby-st
RZ591,6012-6088 Cambie St,Approved,approved_market,"Approved May 5, 2026",49.2305421816683,-123.11586335767,https://www.shapeyourcity.ca/6012-6088-cambie-st
RZ591,1045 Haro St and 830-850 Thurlow St,Upcoming,upcoming_market,Council meeting July 14,49.2836747446477,-123.124915174863,https://www.shapeyourcity.ca/1045-haro-st-and-830-850-thurlow-st
RZ592,3803-3823 W 10th Ave and 2553 Highbury St,Rezoning,rezoning_market,Application in Process,49.2637765992009,-123.188173601166,https://www.shapeyourcity.ca/3803-3823-w-10-ave-and-2553-highbury-st
RZ592,888 W 8th Ave,Approved,approved_market,"Approved May 5, 2026",49.264144294408,-123.123390444071,https://www.shapeyourcity.ca/888-w-8th-ave
RZ593,1500-1588 W 3rd Ave,Approved,approved_office,"Approved June 2, 2026",49.2686458806633,-123.140194545819,https://www.shapeyourcity.ca/1500-1588-w-3-ave
RZ593,904-920 Davie St,Approved,approved_market,"Approved July 28, 2026",49.2786590545428,-123.128835460523,https://www.shapeyourcity.ca/904-920-davie-street
RZ594,1745 W 8th Ave,Approved,approved_market,"Approved June 3, 2026",49.2651065871913,-123.143950560183,https://www.shapeyourcity.ca/1745-w-8th-ave
RZ594,605-695 SE Marine Dr,Rezoning,rezoning_market,Application in Process,49.2112892348597,-123.092579949238,https://www.shapeyourcity.ca/605-695-se-marine-dr
RZ595,8530 Cambie St,Upcoming,upcoming_market,Council meeting July 28,49.2087198464805,-123.115934344844,https://www.shapeyourcity.ca/8530-cambie-st
RZ596,1366 W 12th Ave,Approved,approved_market,"Approved October 23, 2025",49.2604516143858,-123.135386620375,https://www.shapeyourcity.ca/1366-w-12-ave
RZ596,3731-3743 W 4th Ave and 1975 Alma St,Approved,approved_market,"Approved June 2, 2026",49.2689157528502,-123.186354046626,https://www.shapeyourcity.ca/3731-3743-w-4th-ave-and-1975-alma-st
RZ597,"501-525 W Georgia St, 619 Richards St, and 500 Dunsmuir St",Approved,approved_strata,"Approved July 23, 2026",49.2816779751132,-123.11607345767,https://www.shapeyourcity.ca/501-525-w-georgia-st
RZ597,"501-525 W Georgia St, 619 Richards St, and 500 Dunsmuir St",Approved,approved_market,"Approved July 23, 2026",49.2816749751132,-123.11607045767,https://www.shapeyourcity.ca/501-525-w-georgia-st
RZ597,4088 Granville St,Approved,approved_market,"Approved April 14, 2026",49.2498678848797,-123.13869533142,https://www.shapeyourcity.ca/4088-granville-st
RZ598,2233 W 3rd Ave,Approved,approved_market,"Approved January 27, 2026",49.2692987701644,-123.155837918439,https://www.shapeyourcity.ca/2233-w-3rd-ave
RZ598,575-595 W Georgia St and 620-692 Seymour St,Rezoning,rezoning_office,Application in Process,49.2819649580449,-123.116666373012,https://www.shapeyourcity.ca/575-595-w-georgia-st-and-620-692-seymour-st
RZ599,602-644 Kingsway & 603-617 E 16th Ave,Approved,approved_market,"Approved June 2, 2026",49.256786,-123.091055,https://www.shapeyourcity.ca/602-644-kingsway-and-603-617-e-16th-ave
RZ599,388 Abbott St,Rezoning,rezoning_non_market,Application in Process,49.282248785434,-123.106753871237,https://www.shapeyourcity.ca/388-abbott-st
RZ600,1926-1978 E Broadway,Rezoning,rezoning_non_market,Application in Process,49.26213203282,-123.064372542329,https://www.shapeyourcity.ca/1926-1978-e-broadway-2
RZ600,1926-1978 E Broadway,Rezoning,rezoning_market,Application in Process,49.26213503282,-123.064375542329,https://www.shapeyourcity.ca/1926-1978-e-broadway-2
RZ600,1613-1625 Nanaimo St,Approved,approved_market,"Approved February 5, 2026",49.2702990790738,-123.056943345254,https://www.shapeyourcity.ca/1613-1625-nanaimo-st
RZ601,215 W 1st Ave,Approved,approved_office,"Approved February 26, 2026",49.2713385505014,-123.109885219971,https://www.shapeyourcity.ca/215-w-1-ave
RZ601,531-595 W 27th Ave,Approved,approved_market,"Approved May 5, 2026",49.2474876532176,-123.1182157295,https://www.shapeyourcity.ca/531-595-w-27-ave-2
RZ602,6507-6527 Maple St,Approved,approved_market,"Approved February 3, 2026",49.2270072324656,-123.152761928835,https://www.shapeyourcity.ca/6507-6527-maple-st
RZ602,6212-6218 Ash St,Approved,approved_market,"Approved July 14, 2026",49.2289084337004,-123.117499338633,https://www.shapeyourcity.ca/6212-6218-ash-st-2
RZ602,6212-6218 Ash St,Approved,approved_non_market,"Approved July 14, 2026",49.2289054337004,-123.117496338633,https://www.shapeyourcity.ca/6212-6218-ash-st-2
RZ603,2170 W 3rd Ave,Approved,approved_market,"Approved June 2, 2026",49.2689055808677,-123.154416458335,https://www.shapeyourcity.ca/2170-w-3-ave
RZ603,809 W 41st Ave,Approved,approved_market,"Approved July 16, 2026",49.2344062345666,-123.124127711646,https://www.shapeyourcity.ca/809-w-41-ave-2
RZ604,1668 W Broadway,Approved,approved_market,"Approved June 2, 2026",49.2635939243455,-123.142271826984,https://www.shapeyourcity.ca/1668-w-broadway
RZ605,5590 Victoria Drive and 2005 E40th Ave,Approved,approved_market,"Approved April 14, 2026",49.2341000768085,-123.0652260816,https://www.shapeyourcity.ca/5590-victoria-dr-and-2005-e-40-ave-ta
RZ605,5590 Victoria Drive and 2005 E40th Ave,Approved,approved_non_market,"Approved April 14, 2026",49.2340970768085,-123.0652230816,https://www.shapeyourcity.ca/5590-victoria-dr-and-2005-e-40-ave-ta
RZ606,1880-1898 Main St and Lorne St,Approved,approved_market,"Approved May 19, 2026",49.2688582235816,-123.100247957671,https://www.shapeyourcity.ca/1880-1898-main-st-and-1851-lorne-st
RZ607,304-316 E 1st Ave,Approved,approved_market,"Approved July 14, 2026",49.2680727841279,-123.097123531347,https://www.shapeyourcity.ca/304-316-e-1-ave
RZ608,6333-6369 Yukon St,Approved,approved_market,"Approved July 23, 2026",49.2275662,-123.1150281,https://www.shapeyourcity.ca/6333-6369-yukon-st-2
RZ609,2396-2400 Kingsway and 2441-2493 E 33rd Ave,Rezoning,rezoning_market,Application in Process,49.2415074420389,-123.056548084658,https://www.shapeyourcity.ca/2396-2400-kingsway-and-2441-2493-e-33-ave
RZ611,2345-2349 Main St,Upcoming,upcoming_market,Council meeting July 28,49.2642680676415,-123.101180796304,https://www.shapeyourcity.ca/2345-2349-main-st
RZ612,365-395 W Broadway,Approved,approved_market,"Approved July 14, 2026",49.2633805544,-123.112653317347,https://www.shapeyourcity.ca/365-395-w-broadway
RZ613,2516 Commercial Dr and 1704 E Broadway,Approved,approved_market,"Approved July 23, 2026",49.2623020486554,-123.069521915341,https://www.shapeyourcity.ca/2516-commercial-dr-and-1704-e-broadway
RZ614,3553-3563 E Hastings Street,Approved,approved_market,"Approved March 5, 2026",49.2814105593065,-123.027140344707,https://www.shapeyourcity.ca/3553-e-hastings-st
RZ614,3553-3563 E Hastings Street,Approved,approved_non_market,"Approved March 5, 2026",49.2814075593065,-123.027137344707,https://www.shapeyourcity.ca/3553-e-hastings-st
RZ615,8427-8483 Cambie Street,Upcoming,upcoming_market,Council meeting July 28,49.2089763675915,-123.117580796304,https://www.shapeyourcity.ca/8427-8483-cambie-st
RZ616,935-955 W 57th Ave and 7225-7255 Laurel St,Rezoning,rezoning_market,Application in Process,49.2195728650817,-123.126675699999,https://www.shapeyourcity.ca/935-955-w-57-ave-7225-7255-laurel-st
RZ617,717-743 W 28th Ave (primary address 717 W 28th Avenue),Approved,approved_market,"Approved May 19, 2026",49.2468562296796,-123.120887084656,https://www.shapeyourcity.ca/717-w-28-ave-2
RZ618,"3575 Sawmill Cres, 8711 River District Crossing, and 3522 E Kent Ave S",Approved,approved_market,"Approved February 24, 2026",49.2062399957207,-123.028585087367,https://www.shapeyourcity.ca/3522-e-kent-ave-s-8711-river-dist-crossing
RZ619,325-343 W 41st Ave and 5696 Alberta St,Approved,approved_market,"Approved February 26, 2026",49.2337514117078,-123.113192497391,https://www.shapeyourcity.ca/325-343-w-41-ave-and-5696-alberta-st
RZ620,375-475 W 41st Ave,Approved,approved_market,"Approved February 26, 2026",49.2338491645296,-123.115196564516,https://www.shapeyourcity.ca/375-475-w-41-ave
RZ621,39-65 Smithe St,Approved,approved_market,"Approved February 17, 2026",49.2759289732159,-123.112975592608,https://www.shapeyourcity.ca/39-65-smithe-st
RZ624,1305-1325 W 13th Ave,Rezoning,rezoning_market,Application in Process,49.2601840422135,-123.13427091534,https://www.shapeyourcity.ca/1305-1325-w-13-ave
RZ624,1305-1325 W 13th Ave,Rezoning,rezoning_non_market,Application in Process,49.2601810422135,-123.13426791534,https://www.shapeyourcity.ca/1305-1325-w-13-ave
RZ625,"2808-2888 E Broadway, 2813-2881 E 10th Ave, 2528-2580 Kaslo St",Approved,approved_strata,"Approved July 21, 2026",49.2623011183151,-123.046740915341,https://www.shapeyourcity.ca/2808-2888-e-broadway
RZ625,"2808-2888 E Broadway, 2813-2881 E 10th Ave, 2528-2580 Kaslo St",Approved,approved_non_market,"Approved July 21, 2026",49.2622981183151,-123.046737915341,https://www.shapeyourcity.ca/2808-2888-e-broadway
RZ626,1683-1691 E Pender St and 485 Commercial Dr,Approved,approved_market,"Approved July 16, 2026",49.2807014757005,-123.071199542328,https://www.shapeyourcity.ca/1683-1691-e-pender-and-485-commercial-dr
RZ628,888 W Broadway text amendment,Approved,approved_market,"Approved February 26, 2026",49.2633770530028,-123.122818626987,https://www.shapeyourcity.ca/888-w-broadway-2
RZ629,"4911-5255 Heather St, 637-657 W 37th Ave, & 620-689 W 35th Ave (Heather Lands)",Approved,approved_market,"Approved March 31, 2026",49.239289441468,-123.121314034002,https://www.shapeyourcity.ca/4911-5255-heather-637-657-w-37-ave-and-620-689-w-35-ave
RZ630,1444 Alberni St and 740 Nicola St,Approved,approved_market,"Approved July 28, 2026",49.288886,-123.129768,https://www.shapeyourcity.ca/1444-alberni-st-and-740-nicola-st
RZ631,888-896 Cambie St,Approved,approved_market,"Approved May 7, 2026",49.2773324894286,-123.11530908337,https://www.shapeyourcity.ca/888-896-cambie-st
RZ632,816-860 W 13th Ave and 2915-2925 Willow St,Approved,approved_market,"Approved February 19, 2026",49.2593319,-123.1226621,https://www.shapeyourcity.ca/816-860-w-13-ave-and-2915-2925-willow-st-2
RZ633,2538 Birch Street (formerly 1296 West Broadway),Approved,approved_market,"Approved July 23, 2026",49.2634940612644,-123.133313,https://www.shapeyourcity.ca/2538-birch
RZ634,1031-1039 Burnaby St,Upcoming,upcoming_market,Council meeting July 28,49.2792856384007,-123.13107824132,https://www.shapeyourcity.ca/1031-1039-burnaby
RZ635,5229-5249 Ash St,Upcoming,upcoming_market,Council meeting July 28,49.2376589066391,-123.118102408761,https://www.shapeyourcity.ca/5229-5249-ash-st-2
RZ636,2406-2484 Renfrew St,Approved,approved_market,"Approved July 21, 2026",49.263363113555,-123.043933915341,https://www.shapeyourcity.ca/2406-2484-renfrew-st-1
RZ637,75 E 8th Ave,Upcoming,upcoming_market,"Public Hearing July 16, 2026",49.264161051758,-123.103375830683,https://www.shapeyourcity.ca/75-e-8-ave
RZ638,456 Prior St,Approved,approved_market,"Approved February 19, 2026",49.2765007826534,-123.094650211651,https://www.shapeyourcity.ca/456-prior-ta
RZ639,1795 W Broadway,Approved,approved_market,"Approved July 28, 2026",49.2640692418483,-123.145433339359,https://www.shapeyourcity.ca/1795-w-broadway
RZ640,1368-1398 W Broadway,Approved,approved_market,"Approved July 28, 2026",49.2633605933564,-123.135229216349,https://www.shapeyourcity.ca/1368-1398-w-broadway
RZ642,2611 Victoria Dr,Upcoming,upcoming_market,Council meeting July 14,49.261164014179,-123.066332271164,https://www.shapeyourcity.ca/2611-victoria-dr
RZ643,133-159 W 49th Ave,Approved,approved_market,"Approved May 19, 2026",49.2261165438287,-123.109120093252,https://www.shapeyourcity.ca/133-159-w-49-ave
RZ644,401 Kingsway,Rezoning,rezoning_market,Application in Process,49.2596134113597,-123.095553075863,https://www.shapeyourcity.ca/401-kingsway
RZ645,421 Kingsway,Rezoning,rezoning_market,Application in Process,49.2592131186951,-123.094525774019,https://www.shapeyourcity.ca/421-kingsway
RZ646,185-193 SW Marine Dr and 7980 Manitoba St text amendment,Approved,approved_market,"Approved May 5, 2026",49.2125843992778,-123.10969493013,https://www.shapeyourcity.ca/185-193-sw-marine-7980-manitoba-ta
RZ647,6525-6575 Oak St,Approved,approved_market,"Approved July 23, 2026",49.2264375621837,-123.12879594703,https://www.shapeyourcity.ca/6525-6575-oak
RZ648,Vancouver General Hospital Campus,Approved,approved_market,"Approved July 14, 2026",49.2614894015469,-123.122258059288,https://www.shapeyourcity.ca/855-w-12-ave
RZ649,111 E 5th Ave,Rezoning,rezoning_market,Referred back to staff,49.2667180123538,-123.102152528161,https://www.shapeyourcity.ca/111-e-5
RZ650,1743 Burrard St,Rezoning,rezoning_market,Application In Process,49.2701653923687,-123.145910301098,https://www.shapeyourcity.ca/1743-burrard-st
RZ651,"966 W 18th Ave (906-982 W 18th Ave, 907-975 W 19th Ave & 3403-3415 Laurel St) (Balfour Block)",Upcoming,upcoming_strata,Council meeting July 28,49.2552040314443,-123.12598445767,https://www.shapeyourcity.ca/966-w-18-ave
RZ651,"966 W 18th Ave (906-982 W 18th Ave, 907-975 W 19th Ave & 3403-3415 Laurel St) (Balfour Block)",Upcoming,upcoming_market,Council meeting July 28,49.2552010314443,-123.12598145767,https://www.shapeyourcity.ca/966-w-18-ave
RZ652,896 W 8th Ave and 2412 Laurel St,Rezoning,rezoning_market,Application in Process,49.2643660506528,-123.123835542329,https://www.shapeyourcity.ca/896-w-8-ave-and-2412-laurel-st
RZ653,1105-1109 Granville St,Rezoning,rezoning_market,Application in Process,49.2784183586522,-123.124984460182,https://www.shapeyourcity.ca/1105-1109-granville-st
RZ654,1618-1680 E Hastings St,Approved,approved_market,"Approved July 14, 2026",49.2811642428024,-123.071791177912,https://www.shapeyourcity.ca/1618-1680-e-hastings
RZ655,486 W 26th Ave,Rezoning,rezoning_market,Application in Process,49.2478361513259,-123.1148331,https://www.shapeyourcity.ca/486-w-26-ave
RZ656,3202 Riverwalk Ave (Parcel 11) and 3302 North Arm Ave (Parcel 24 & Parcel 28) (East Fraser Lands (Area 2)),Approved,approved_market,"Approved July 14, 2026",49.2052028254732,-123.037818743447,https://www.shapeyourcity.ca/3202-riverwalk-ave-and-3302-northarm-ave
RZ657,2277 W 2nd Ave and 1750 Vine St,Approved,approved_market,"Approved July 28, 2026",49.2703860065359,-123.156762542327,https://www.shapeyourcity.ca/2277-w-2nd-ave-and-1750-vine-st
RZ658,282 W 49th Ave (Langara YMCA),Approved,approved_market,"Approved July 14, 2026",49.2260825154499,-123.112654492065,https://www.shapeyourcity.ca/282-w-49-ave-2
RZ659,811 Carrall St (Northeast False Creek Sub-area 6C),Rezoning,rezoning_non_market,On Hold,49.276693972844,-123.107696283058,https://www.shapeyourcity.ca/811-carrall-st
RZ659,811 Carrall St (Northeast False Creek Sub-area 6C),Rezoning,rezoning_strata,On Hold,49.276696972844,-123.107699283058,https://www.shapeyourcity.ca/811-carrall-st
RZ660,"450-496 Prior St, 550 Malkin Ave and 1002 Station St - Directions Report",Approved,approved_market,"Approved July 21, 2026",49.2762802950072,-123.094628753981,https://www.shapeyourcity.ca/456-prior-st-ir
RZ661,5027-5053 Boundary Road,Upcoming,upcoming_market,Council meeting July 28,49.2389745528776,-123.024000488348,https://www.shapeyourcity.ca/5027-5053-boundary-rd
RZ662,852-872 Seymour St,Rezoning,rezoning_market,Application in Process,49.2799998919005,-123.119485971165,https://www.shapeyourcity.ca/852-872-seymour-st-2
RZ663,6628-6688 Granville St,Rezoning,rezoning_strata,Application in Process,49.2255332503317,-123.139528686508,https://www.shapeyourcity.ca/6628-6688-granville-st
RZ664,3475 E Hastings St,Upcoming,upcoming_market,TBD,49.2816309746937,-123.029141457671,https://www.shapeyourcity.ca/3475-e-hastings
RZ665,314-324 W 12th Ave,Rezoning,rezoning_market,Application in Process,49.2599795106655,-123.111662186506,https://www.shapeyourcity.ca/314-324-w-12th-ave
RZ666,618 W 32nd Ave,Rezoning,rezoning_market,Application in Process,49.2424253033122,-123.118974915344,https://www.shapeyourcity.ca/618-w-32-ave-2
RZ667,948 Howe St,Rezoning,rezoning_market,Application in Process,49.2803447862807,-123.123188901844,https://www.shapeyourcity.ca/948-howe
RZ668,2777 Oak St,Rezoning,rezoning_market,Application in Process,49.2609590252609,-123.127221186507,https://www.shapeyourcity.ca/2777-oak-st
RZ669,3696 Kingsway,Rezoning,rezoning_market,Application in Process,49.2323181291646,-123.023776271163,https://www.shapeyourcity.ca/3696-kingsway
RZ670,730 Raymur Ave,Rezoning,rezoning_market,Application in Process,49.2782649819599,-123.082926915344,https://www.shapeyourcity.ca/730-raymur-ave
RZ671,601 Beach Cres,Rezoning,rezoning_market,Application in Process,49.27382262106,-123.129880645254,https://www.shapeyourcity.ca/601-beach-cres
RZ672,3215 Macdonald St,Rezoning,rezoning_market,Application in Process,49.2575147264235,-123.168689907758,https://www.shapeyourcity.ca/3215-macdonald-ta
RZ673,5079-5137 Ash Street,Rezoning,rezoning_market,Application in Process,49.2386881259578,-123.1186811471,https://www.shapeyourcity.ca/5079-5137-ash-street
RZ674,2000 W 12th Ave,Rezoning,rezoning_market,Application in Process,49.2608815245051,-123.151081457671,https://www.shapeyourcity.ca/2000-w-12-ave
RZ675,688 W 57th Ave (Parcel C),Rezoning,rezoning_market,Application in Process,49.2182291960321,-123.120207937275,https://www.shapeyourcity.ca/688-w57-ave-ta
RZ676,628 W 28th Ave,Rezoning,rezoning_market,Application in Process,49.2460335449946,-123.119734119371,https://www.shapeyourcity.ca/628-w-28-ave
RZ677,"929-989 W 41st Ave, 5670 Oak St, 988 W 38th Ave, and 5469-5507 Willow St (former Oakridge Transit Centre)",Upcoming,upcoming_market,"Open house June 17, 2026 to July 1, 2026",49.2354022130285,-123.125686999999,https://www.shapeyourcity.ca/929-989-w-41-ave-otc
RZ678,259-293 E 11th Ave and 216 Kingsway,Upcoming,upcoming_market,"Open house June 17, 2026 to July 2, 2026",49.2613809411086,-123.0991049,https://www.shapeyourcity.ca/259-293-e-11-216-kingsway
RZ679,2900-2926 Fraser St,Rezoning,rezoning_market,Application in Process,49.258573238802,-123.088922279726,https://www.shapeyourcity.ca/2900-2926-fraser-st
RZ680,1749-1755 W 4th Ave,Rezoning,rezoning_market,Application in Process,49.2682642988617,-123.144442582209,https://www.shapeyourcity.ca/1749-1757-w-4-ave
RZ681,7525 Cambie St,Upcoming,upcoming_market,Council Meeting July 16,49.2168186327485,-123.117411646624,https://www.shapeyourcity.ca/7525-cambie-st-2
RZ682,1407 E 41st Ave and 5696-5698,Rezoning,rezoning_market,Application in Process,49.2329932305809,-123.076569123096,https://www.shapeyourcity.ca/1407-e-41-5696-5698-knight
RZ683,1166 W Pender St,Upcoming,upcoming_market,"Open house November 25, 2026 to December 8, 2026",49.2880185563159,-123.122549028834,https://www.shapeyourcity.ca/1166-w-pender
RZ684,8555 Cambie St,Rezoning,rezoning_market,Application in Process,49.2075733937378,-123.117963430683,https://www.shapeyourcity.ca/8555-cambie-st
RZ685,3738 Granville St and 1499 Balfour Ave,Upcoming,upcoming_market,"Open house November 18, 2026 to December 1, 2026",49.2526888491533,-123.138415213495,https://www.shapeyourcity.ca/3738-granville-1499-balfour
